memory_limit	run_id	pass	env	branch	fixture	blocks_poked	failed_pokes	init_time_s	total_poke_time_s	avg_per_block_ms	throughput_blocks_s	checkpoints	samples	gc_events	fault_bursts	peak_rss_mib	p95_rss_mib	peak_pma_rss_mib	peak_pma_size_mib	peak_nockstack_rss_mib	peak_anon_mib	peak_file_mib	minor_faults_delta	major_faults_delta	wall_clock	max_rss_kb	exit_status	profile_path	bench_log	time_log	perf_samples	perf_unique_stacks	perf_summary_json	perf_flamegraph_svg	perf_report_txt	perf_folded	perf_data	tracy_trace	tracy_capture_log	tracy_size_bytes	tracy_frames	tracy_time_span_s	tracy_zones	run_root_name	profile_path_rel	bench_log_rel	time_log_rel	perf_summary_json_rel	perf_flamegraph_svg_rel	perf_report_txt_rel	perf_folded_rel	perf_data_rel	tracy_trace_rel	tracy_capture_log_rel
4g	20260303_132456	1	docker	master	v0	100	0	2.368982501	4.3675281120000005	43.67528112000001	22.89624644321007	0	11	0	0	1063.765625	1063.765625	0	0	928	1056.5625	7.203125	21572	0	0:07.02	30184	0	/shared/nockchain-ext4-bench/artifacts/runs/20260303_132456-sol-ext4-derived-trace-sampling-4g/runs/pass1/docker/master/v0/profile.json	/shared/nockchain-ext4-bench/artifacts/runs/20260303_132456-sol-ext4-derived-trace-sampling-4g/runs/pass1/docker/master/v0/bench.log	/shared/nockchain-ext4-bench/artifacts/runs/20260303_132456-sol-ext4-derived-trace-sampling-4g/runs/pass1/docker/master/v0/time.txt	0	0	/shared/nockchain-ext4-bench/artifacts/runs/20260303_132456-sol-ext4-derived-trace-sampling-4g/runs/pass1/docker/master/v0/perf-summary.json	/shared/nockchain-ext4-bench/artifacts/runs/20260303_132456-sol-ext4-derived-trace-sampling-4g/runs/pass1/docker/master/v0/perf-flamegraph.svg	/shared/nockchain-ext4-bench/artifacts/runs/20260303_132456-sol-ext4-derived-trace-sampling-4g/runs/pass1/docker/master/v0/perf-report.txt	/shared/nockchain-ext4-bench/artifacts/runs/20260303_132456-sol-ext4-derived-trace-sampling-4g/runs/pass1/docker/master/v0/perf.folded	/shared/nockchain-ext4-bench/artifacts/runs/20260303_132456-sol-ext4-derived-trace-sampling-4g/runs/pass1/docker/master/v0/perf.data	/shared/nockchain-ext4-bench/artifacts/runs/20260303_132456-sol-ext4-derived-trace-sampling-4g/runs/pass1/docker/master/v0/trace.tracy	/shared/nockchain-ext4-bench/artifacts/runs/20260303_132456-sol-ext4-derived-trace-sampling-4g/runs/pass1/docker/master/v0/trace-capture.log	0	0	0	0	20260303_132456-sol-ext4-derived-trace-sampling-4g	raw/20260303_132456-sol-ext4-derived-trace-sampling-4g/runs/pass1/docker/master/v0/profile.json	raw/20260303_132456-sol-ext4-derived-trace-sampling-4g/runs/pass1/docker/master/v0/bench.log	raw/20260303_132456-sol-ext4-derived-trace-sampling-4g/runs/pass1/docker/master/v0/time.txt	raw/20260303_132456-sol-ext4-derived-trace-sampling-4g/runs/pass1/docker/master/v0/perf-summary.json	raw/20260303_132456-sol-ext4-derived-trace-sampling-4g/runs/pass1/docker/master/v0/perf-flamegraph.svg	raw/20260303_132456-sol-ext4-derived-trace-sampling-4g/runs/pass1/docker/master/v0/perf-report.txt	raw/20260303_132456-sol-ext4-derived-trace-sampling-4g/runs/pass1/docker/master/v0/perf.folded	raw/20260303_132456-sol-ext4-derived-trace-sampling-4g/runs/pass1/docker/master/v0/perf.data	raw/20260303_132456-sol-ext4-derived-trace-sampling-4g/runs/pass1/docker/master/v0/trace.tracy	raw/20260303_132456-sol-ext4-derived-trace-sampling-4g/runs/pass1/docker/master/v0/trace-capture.log
4g	20260303_132456	1	docker	master	v1	100	0	2.403382825	4.464711053	44.647110530000006	22.397866023783642	0	11	0	0	1063.81640625	1063.81640625	0	0	928	1056.625	7.19140625	21585	0	0:07.12	28876	0	/shared/nockchain-ext4-bench/artifacts/runs/20260303_132456-sol-ext4-derived-trace-sampling-4g/runs/pass1/docker/master/v1/profile.json	/shared/nockchain-ext4-bench/artifacts/runs/20260303_132456-sol-ext4-derived-trace-sampling-4g/runs/pass1/docker/master/v1/bench.log	/shared/nockchain-ext4-bench/artifacts/runs/20260303_132456-sol-ext4-derived-trace-sampling-4g/runs/pass1/docker/master/v1/time.txt	0	0	/shared/nockchain-ext4-bench/artifacts/runs/20260303_132456-sol-ext4-derived-trace-sampling-4g/runs/pass1/docker/master/v1/perf-summary.json	/shared/nockchain-ext4-bench/artifacts/runs/20260303_132456-sol-ext4-derived-trace-sampling-4g/runs/pass1/docker/master/v1/perf-flamegraph.svg	/shared/nockchain-ext4-bench/artifacts/runs/20260303_132456-sol-ext4-derived-trace-sampling-4g/runs/pass1/docker/master/v1/perf-report.txt	/shared/nockchain-ext4-bench/artifacts/runs/20260303_132456-sol-ext4-derived-trace-sampling-4g/runs/pass1/docker/master/v1/perf.folded	/shared/nockchain-ext4-bench/artifacts/runs/20260303_132456-sol-ext4-derived-trace-sampling-4g/runs/pass1/docker/master/v1/perf.data	/shared/nockchain-ext4-bench/artifacts/runs/20260303_132456-sol-ext4-derived-trace-sampling-4g/runs/pass1/docker/master/v1/trace.tracy	/shared/nockchain-ext4-bench/artifacts/runs/20260303_132456-sol-ext4-derived-trace-sampling-4g/runs/pass1/docker/master/v1/trace-capture.log	0	0	0	0	20260303_132456-sol-ext4-derived-trace-sampling-4g	raw/20260303_132456-sol-ext4-derived-trace-sampling-4g/runs/pass1/docker/master/v1/profile.json	raw/20260303_132456-sol-ext4-derived-trace-sampling-4g/runs/pass1/docker/master/v1/bench.log	raw/20260303_132456-sol-ext4-derived-trace-sampling-4g/runs/pass1/docker/master/v1/time.txt	raw/20260303_132456-sol-ext4-derived-trace-sampling-4g/runs/pass1/docker/master/v1/perf-summary.json	raw/20260303_132456-sol-ext4-derived-trace-sampling-4g/runs/pass1/docker/master/v1/perf-flamegraph.svg	raw/20260303_132456-sol-ext4-derived-trace-sampling-4g/runs/pass1/docker/master/v1/perf-report.txt	raw/20260303_132456-sol-ext4-derived-trace-sampling-4g/runs/pass1/docker/master/v1/perf.folded	raw/20260303_132456-sol-ext4-derived-trace-sampling-4g/runs/pass1/docker/master/v1/perf.data	raw/20260303_132456-sol-ext4-derived-trace-sampling-4g/runs/pass1/docker/master/v1/trace.tracy	raw/20260303_132456-sol-ext4-derived-trace-sampling-4g/runs/pass1/docker/master/v1/trace-capture.log
4g	20260303_132456	1	docker	master	v2	100	0	2.430539514	4.379772148	43.79772147999999	22.83223798426694	0	11	0	0	1063.70703125	1063.70703125	0	0	928	1056.58203125	7.125	21078	0	0:07.08	30420	0	/shared/nockchain-ext4-bench/artifacts/runs/20260303_132456-sol-ext4-derived-trace-sampling-4g/runs/pass1/docker/master/v2/profile.json	/shared/nockchain-ext4-bench/artifacts/runs/20260303_132456-sol-ext4-derived-trace-sampling-4g/runs/pass1/docker/master/v2/bench.log	/shared/nockchain-ext4-bench/artifacts/runs/20260303_132456-sol-ext4-derived-trace-sampling-4g/runs/pass1/docker/master/v2/time.txt	0	0	/shared/nockchain-ext4-bench/artifacts/runs/20260303_132456-sol-ext4-derived-trace-sampling-4g/runs/pass1/docker/master/v2/perf-summary.json	/shared/nockchain-ext4-bench/artifacts/runs/20260303_132456-sol-ext4-derived-trace-sampling-4g/runs/pass1/docker/master/v2/perf-flamegraph.svg	/shared/nockchain-ext4-bench/artifacts/runs/20260303_132456-sol-ext4-derived-trace-sampling-4g/runs/pass1/docker/master/v2/perf-report.txt	/shared/nockchain-ext4-bench/artifacts/runs/20260303_132456-sol-ext4-derived-trace-sampling-4g/runs/pass1/docker/master/v2/perf.folded	/shared/nockchain-ext4-bench/artifacts/runs/20260303_132456-sol-ext4-derived-trace-sampling-4g/runs/pass1/docker/master/v2/perf.data	/shared/nockchain-ext4-bench/artifacts/runs/20260303_132456-sol-ext4-derived-trace-sampling-4g/runs/pass1/docker/master/v2/trace.tracy	/shared/nockchain-ext4-bench/artifacts/runs/20260303_132456-sol-ext4-derived-trace-sampling-4g/runs/pass1/docker/master/v2/trace-capture.log	0	0	0	0	20260303_132456-sol-ext4-derived-trace-sampling-4g	raw/20260303_132456-sol-ext4-derived-trace-sampling-4g/runs/pass1/docker/master/v2/profile.json	raw/20260303_132456-sol-ext4-derived-trace-sampling-4g/runs/pass1/docker/master/v2/bench.log	raw/20260303_132456-sol-ext4-derived-trace-sampling-4g/runs/pass1/docker/master/v2/time.txt	raw/20260303_132456-sol-ext4-derived-trace-sampling-4g/runs/pass1/docker/master/v2/perf-summary.json	raw/20260303_132456-sol-ext4-derived-trace-sampling-4g/runs/pass1/docker/master/v2/perf-flamegraph.svg	raw/20260303_132456-sol-ext4-derived-trace-sampling-4g/runs/pass1/docker/master/v2/perf-report.txt	raw/20260303_132456-sol-ext4-derived-trace-sampling-4g/runs/pass1/docker/master/v2/perf.folded	raw/20260303_132456-sol-ext4-derived-trace-sampling-4g/runs/pass1/docker/master/v2/perf.data	raw/20260303_132456-sol-ext4-derived-trace-sampling-4g/runs/pass1/docker/master/v2/trace.tracy	raw/20260303_132456-sol-ext4-derived-trace-sampling-4g/runs/pass1/docker/master/v2/trace-capture.log
4g	20260303_132456	1	docker	bump PMA	v0	100	0	3.007469414	1.88436694	18.8436694	53.068220354152466	0	6	0	1	1170.1875	1170.1875	86.51171875	16384.00390625	928	1076.2265625	93.9609375	48119	2	0:05.28	30112	0	/shared/nockchain-ext4-bench/artifacts/runs/20260303_132456-sol-ext4-derived-trace-sampling-4g/runs/pass1/docker/streaming/v0/profile.json	/shared/nockchain-ext4-bench/artifacts/runs/20260303_132456-sol-ext4-derived-trace-sampling-4g/runs/pass1/docker/streaming/v0/bench.log	/shared/nockchain-ext4-bench/artifacts/runs/20260303_132456-sol-ext4-derived-trace-sampling-4g/runs/pass1/docker/streaming/v0/time.txt	0	0	/shared/nockchain-ext4-bench/artifacts/runs/20260303_132456-sol-ext4-derived-trace-sampling-4g/runs/pass1/docker/streaming/v0/perf-summary.json	/shared/nockchain-ext4-bench/artifacts/runs/20260303_132456-sol-ext4-derived-trace-sampling-4g/runs/pass1/docker/streaming/v0/perf-flamegraph.svg	/shared/nockchain-ext4-bench/artifacts/runs/20260303_132456-sol-ext4-derived-trace-sampling-4g/runs/pass1/docker/streaming/v0/perf-report.txt	/shared/nockchain-ext4-bench/artifacts/runs/20260303_132456-sol-ext4-derived-trace-sampling-4g/runs/pass1/docker/streaming/v0/perf.folded	/shared/nockchain-ext4-bench/artifacts/runs/20260303_132456-sol-ext4-derived-trace-sampling-4g/runs/pass1/docker/streaming/v0/perf.data	/shared/nockchain-ext4-bench/artifacts/runs/20260303_132456-sol-ext4-derived-trace-sampling-4g/runs/pass1/docker/streaming/v0/trace.tracy	/shared/nockchain-ext4-bench/artifacts/runs/20260303_132456-sol-ext4-derived-trace-sampling-4g/runs/pass1/docker/streaming/v0/trace-capture.log	0	0	0	0	20260303_132456-sol-ext4-derived-trace-sampling-4g	raw/20260303_132456-sol-ext4-derived-trace-sampling-4g/runs/pass1/docker/streaming/v0/profile.json	raw/20260303_132456-sol-ext4-derived-trace-sampling-4g/runs/pass1/docker/streaming/v0/bench.log	raw/20260303_132456-sol-ext4-derived-trace-sampling-4g/runs/pass1/docker/streaming/v0/time.txt	raw/20260303_132456-sol-ext4-derived-trace-sampling-4g/runs/pass1/docker/streaming/v0/perf-summary.json	raw/20260303_132456-sol-ext4-derived-trace-sampling-4g/runs/pass1/docker/streaming/v0/perf-flamegraph.svg	raw/20260303_132456-sol-ext4-derived-trace-sampling-4g/runs/pass1/docker/streaming/v0/perf-report.txt	raw/20260303_132456-sol-ext4-derived-trace-sampling-4g/runs/pass1/docker/streaming/v0/perf.folded	raw/20260303_132456-sol-ext4-derived-trace-sampling-4g/runs/pass1/docker/streaming/v0/perf.data	raw/20260303_132456-sol-ext4-derived-trace-sampling-4g/runs/pass1/docker/streaming/v0/trace.tracy	raw/20260303_132456-sol-ext4-derived-trace-sampling-4g/runs/pass1/docker/streaming/v0/trace-capture.log
4g	20260303_132456	1	docker	bump PMA	v1	100	0	3.044766464	1.885786269	18.85786269	53.028278784227375	0	6	0	1	1169.953125	1169.953125	86.51171875	16384.00390625	928	1075.94921875	94.00390625	47835	2	0:05.26	30236	0	/shared/nockchain-ext4-bench/artifacts/runs/20260303_132456-sol-ext4-derived-trace-sampling-4g/runs/pass1/docker/streaming/v1/profile.json	/shared/nockchain-ext4-bench/artifacts/runs/20260303_132456-sol-ext4-derived-trace-sampling-4g/runs/pass1/docker/streaming/v1/bench.log	/shared/nockchain-ext4-bench/artifacts/runs/20260303_132456-sol-ext4-derived-trace-sampling-4g/runs/pass1/docker/streaming/v1/time.txt	0	0	/shared/nockchain-ext4-bench/artifacts/runs/20260303_132456-sol-ext4-derived-trace-sampling-4g/runs/pass1/docker/streaming/v1/perf-summary.json	/shared/nockchain-ext4-bench/artifacts/runs/20260303_132456-sol-ext4-derived-trace-sampling-4g/runs/pass1/docker/streaming/v1/perf-flamegraph.svg	/shared/nockchain-ext4-bench/artifacts/runs/20260303_132456-sol-ext4-derived-trace-sampling-4g/runs/pass1/docker/streaming/v1/perf-report.txt	/shared/nockchain-ext4-bench/artifacts/runs/20260303_132456-sol-ext4-derived-trace-sampling-4g/runs/pass1/docker/streaming/v1/perf.folded	/shared/nockchain-ext4-bench/artifacts/runs/20260303_132456-sol-ext4-derived-trace-sampling-4g/runs/pass1/docker/streaming/v1/perf.data	/shared/nockchain-ext4-bench/artifacts/runs/20260303_132456-sol-ext4-derived-trace-sampling-4g/runs/pass1/docker/streaming/v1/trace.tracy	/shared/nockchain-ext4-bench/artifacts/runs/20260303_132456-sol-ext4-derived-trace-sampling-4g/runs/pass1/docker/streaming/v1/trace-capture.log	0	0	0	0	20260303_132456-sol-ext4-derived-trace-sampling-4g	raw/20260303_132456-sol-ext4-derived-trace-sampling-4g/runs/pass1/docker/streaming/v1/profile.json	raw/20260303_132456-sol-ext4-derived-trace-sampling-4g/runs/pass1/docker/streaming/v1/bench.log	raw/20260303_132456-sol-ext4-derived-trace-sampling-4g/runs/pass1/docker/streaming/v1/time.txt	raw/20260303_132456-sol-ext4-derived-trace-sampling-4g/runs/pass1/docker/streaming/v1/perf-summary.json	raw/20260303_132456-sol-ext4-derived-trace-sampling-4g/runs/pass1/docker/streaming/v1/perf-flamegraph.svg	raw/20260303_132456-sol-ext4-derived-trace-sampling-4g/runs/pass1/docker/streaming/v1/perf-report.txt	raw/20260303_132456-sol-ext4-derived-trace-sampling-4g/runs/pass1/docker/streaming/v1/perf.folded	raw/20260303_132456-sol-ext4-derived-trace-sampling-4g/runs/pass1/docker/streaming/v1/perf.data	raw/20260303_132456-sol-ext4-derived-trace-sampling-4g/runs/pass1/docker/streaming/v1/trace.tracy	raw/20260303_132456-sol-ext4-derived-trace-sampling-4g/runs/pass1/docker/streaming/v1/trace-capture.log
4g	20260303_132456	1	docker	bump PMA	v2	100	0	3.027635071	1.894005329	18.94005329	52.79816189999748	0	6	0	1	1170.421875	1170.421875	86.51171875	16384.00390625	928	1076.1953125	94.2265625	47617	2	0:05.26	29904	0	/shared/nockchain-ext4-bench/artifacts/runs/20260303_132456-sol-ext4-derived-trace-sampling-4g/runs/pass1/docker/streaming/v2/profile.json	/shared/nockchain-ext4-bench/artifacts/runs/20260303_132456-sol-ext4-derived-trace-sampling-4g/runs/pass1/docker/streaming/v2/bench.log	/shared/nockchain-ext4-bench/artifacts/runs/20260303_132456-sol-ext4-derived-trace-sampling-4g/runs/pass1/docker/streaming/v2/time.txt	0	0	/shared/nockchain-ext4-bench/artifacts/runs/20260303_132456-sol-ext4-derived-trace-sampling-4g/runs/pass1/docker/streaming/v2/perf-summary.json	/shared/nockchain-ext4-bench/artifacts/runs/20260303_132456-sol-ext4-derived-trace-sampling-4g/runs/pass1/docker/streaming/v2/perf-flamegraph.svg	/shared/nockchain-ext4-bench/artifacts/runs/20260303_132456-sol-ext4-derived-trace-sampling-4g/runs/pass1/docker/streaming/v2/perf-report.txt	/shared/nockchain-ext4-bench/artifacts/runs/20260303_132456-sol-ext4-derived-trace-sampling-4g/runs/pass1/docker/streaming/v2/perf.folded	/shared/nockchain-ext4-bench/artifacts/runs/20260303_132456-sol-ext4-derived-trace-sampling-4g/runs/pass1/docker/streaming/v2/perf.data	/shared/nockchain-ext4-bench/artifacts/runs/20260303_132456-sol-ext4-derived-trace-sampling-4g/runs/pass1/docker/streaming/v2/trace.tracy	/shared/nockchain-ext4-bench/artifacts/runs/20260303_132456-sol-ext4-derived-trace-sampling-4g/runs/pass1/docker/streaming/v2/trace-capture.log	0	0	0	0	20260303_132456-sol-ext4-derived-trace-sampling-4g	raw/20260303_132456-sol-ext4-derived-trace-sampling-4g/runs/pass1/docker/streaming/v2/profile.json	raw/20260303_132456-sol-ext4-derived-trace-sampling-4g/runs/pass1/docker/streaming/v2/bench.log	raw/20260303_132456-sol-ext4-derived-trace-sampling-4g/runs/pass1/docker/streaming/v2/time.txt	raw/20260303_132456-sol-ext4-derived-trace-sampling-4g/runs/pass1/docker/streaming/v2/perf-summary.json	raw/20260303_132456-sol-ext4-derived-trace-sampling-4g/runs/pass1/docker/streaming/v2/perf-flamegraph.svg	raw/20260303_132456-sol-ext4-derived-trace-sampling-4g/runs/pass1/docker/streaming/v2/perf-report.txt	raw/20260303_132456-sol-ext4-derived-trace-sampling-4g/runs/pass1/docker/streaming/v2/perf.folded	raw/20260303_132456-sol-ext4-derived-trace-sampling-4g/runs/pass1/docker/streaming/v2/perf.data	raw/20260303_132456-sol-ext4-derived-trace-sampling-4g/runs/pass1/docker/streaming/v2/trace.tracy	raw/20260303_132456-sol-ext4-derived-trace-sampling-4g/runs/pass1/docker/streaming/v2/trace-capture.log
4g	20260303_132456	1	docker	btree	v0	100	0	2.9059265549999997	10.231099963	102.31099963	9.77412012018673	0	22	0	0	1083.6640625	1083.6640625	0	0	928.04296875	1075.875	7.7890625	25162	0	0:13.39	29360	0	/shared/nockchain-ext4-bench/artifacts/runs/20260303_132456-sol-ext4-derived-trace-sampling-4g/runs/pass1/docker/btree/v0/profile.json	/shared/nockchain-ext4-bench/artifacts/runs/20260303_132456-sol-ext4-derived-trace-sampling-4g/runs/pass1/docker/btree/v0/bench.log	/shared/nockchain-ext4-bench/artifacts/runs/20260303_132456-sol-ext4-derived-trace-sampling-4g/runs/pass1/docker/btree/v0/time.txt	0	0	/shared/nockchain-ext4-bench/artifacts/runs/20260303_132456-sol-ext4-derived-trace-sampling-4g/runs/pass1/docker/btree/v0/perf-summary.json	/shared/nockchain-ext4-bench/artifacts/runs/20260303_132456-sol-ext4-derived-trace-sampling-4g/runs/pass1/docker/btree/v0/perf-flamegraph.svg	/shared/nockchain-ext4-bench/artifacts/runs/20260303_132456-sol-ext4-derived-trace-sampling-4g/runs/pass1/docker/btree/v0/perf-report.txt	/shared/nockchain-ext4-bench/artifacts/runs/20260303_132456-sol-ext4-derived-trace-sampling-4g/runs/pass1/docker/btree/v0/perf.folded	/shared/nockchain-ext4-bench/artifacts/runs/20260303_132456-sol-ext4-derived-trace-sampling-4g/runs/pass1/docker/btree/v0/perf.data	/shared/nockchain-ext4-bench/artifacts/runs/20260303_132456-sol-ext4-derived-trace-sampling-4g/runs/pass1/docker/btree/v0/trace.tracy	/shared/nockchain-ext4-bench/artifacts/runs/20260303_132456-sol-ext4-derived-trace-sampling-4g/runs/pass1/docker/btree/v0/trace-capture.log	0	0	0	0	20260303_132456-sol-ext4-derived-trace-sampling-4g	raw/20260303_132456-sol-ext4-derived-trace-sampling-4g/runs/pass1/docker/btree/v0/profile.json	raw/20260303_132456-sol-ext4-derived-trace-sampling-4g/runs/pass1/docker/btree/v0/bench.log	raw/20260303_132456-sol-ext4-derived-trace-sampling-4g/runs/pass1/docker/btree/v0/time.txt	raw/20260303_132456-sol-ext4-derived-trace-sampling-4g/runs/pass1/docker/btree/v0/perf-summary.json	raw/20260303_132456-sol-ext4-derived-trace-sampling-4g/runs/pass1/docker/btree/v0/perf-flamegraph.svg	raw/20260303_132456-sol-ext4-derived-trace-sampling-4g/runs/pass1/docker/btree/v0/perf-report.txt	raw/20260303_132456-sol-ext4-derived-trace-sampling-4g/runs/pass1/docker/btree/v0/perf.folded	raw/20260303_132456-sol-ext4-derived-trace-sampling-4g/runs/pass1/docker/btree/v0/perf.data	raw/20260303_132456-sol-ext4-derived-trace-sampling-4g/runs/pass1/docker/btree/v0/trace.tracy	raw/20260303_132456-sol-ext4-derived-trace-sampling-4g/runs/pass1/docker/btree/v0/trace-capture.log
4g	20260303_132456	1	docker	btree	v1	100	0	2.898021035	10.156432475	101.56432475	9.84597694575821	0	22	0	0	1083.66796875	1083.66796875	0	0	928.04296875	1075.94140625	7.7265625	25177	0	0:13.33	30460	0	/shared/nockchain-ext4-bench/artifacts/runs/20260303_132456-sol-ext4-derived-trace-sampling-4g/runs/pass1/docker/btree/v1/profile.json	/shared/nockchain-ext4-bench/artifacts/runs/20260303_132456-sol-ext4-derived-trace-sampling-4g/runs/pass1/docker/btree/v1/bench.log	/shared/nockchain-ext4-bench/artifacts/runs/20260303_132456-sol-ext4-derived-trace-sampling-4g/runs/pass1/docker/btree/v1/time.txt	0	0	/shared/nockchain-ext4-bench/artifacts/runs/20260303_132456-sol-ext4-derived-trace-sampling-4g/runs/pass1/docker/btree/v1/perf-summary.json	/shared/nockchain-ext4-bench/artifacts/runs/20260303_132456-sol-ext4-derived-trace-sampling-4g/runs/pass1/docker/btree/v1/perf-flamegraph.svg	/shared/nockchain-ext4-bench/artifacts/runs/20260303_132456-sol-ext4-derived-trace-sampling-4g/runs/pass1/docker/btree/v1/perf-report.txt	/shared/nockchain-ext4-bench/artifacts/runs/20260303_132456-sol-ext4-derived-trace-sampling-4g/runs/pass1/docker/btree/v1/perf.folded	/shared/nockchain-ext4-bench/artifacts/runs/20260303_132456-sol-ext4-derived-trace-sampling-4g/runs/pass1/docker/btree/v1/perf.data	/shared/nockchain-ext4-bench/artifacts/runs/20260303_132456-sol-ext4-derived-trace-sampling-4g/runs/pass1/docker/btree/v1/trace.tracy	/shared/nockchain-ext4-bench/artifacts/runs/20260303_132456-sol-ext4-derived-trace-sampling-4g/runs/pass1/docker/btree/v1/trace-capture.log	0	0	0	0	20260303_132456-sol-ext4-derived-trace-sampling-4g	raw/20260303_132456-sol-ext4-derived-trace-sampling-4g/runs/pass1/docker/btree/v1/profile.json	raw/20260303_132456-sol-ext4-derived-trace-sampling-4g/runs/pass1/docker/btree/v1/bench.log	raw/20260303_132456-sol-ext4-derived-trace-sampling-4g/runs/pass1/docker/btree/v1/time.txt	raw/20260303_132456-sol-ext4-derived-trace-sampling-4g/runs/pass1/docker/btree/v1/perf-summary.json	raw/20260303_132456-sol-ext4-derived-trace-sampling-4g/runs/pass1/docker/btree/v1/perf-flamegraph.svg	raw/20260303_132456-sol-ext4-derived-trace-sampling-4g/runs/pass1/docker/btree/v1/perf-report.txt	raw/20260303_132456-sol-ext4-derived-trace-sampling-4g/runs/pass1/docker/btree/v1/perf.folded	raw/20260303_132456-sol-ext4-derived-trace-sampling-4g/runs/pass1/docker/btree/v1/perf.data	raw/20260303_132456-sol-ext4-derived-trace-sampling-4g/runs/pass1/docker/btree/v1/trace.tracy	raw/20260303_132456-sol-ext4-derived-trace-sampling-4g/runs/pass1/docker/btree/v1/trace-capture.log
4g	20260303_132456	1	docker	btree	v2	100	0	2.917489441	10.144911948	101.44911948000001	9.857158003201231	0	22	0	0	1084.71875	1084.71875	0	0	928.04296875	1077.046875	7.671875	24152	0	0:13.33	30208	0	/shared/nockchain-ext4-bench/artifacts/runs/20260303_132456-sol-ext4-derived-trace-sampling-4g/runs/pass1/docker/btree/v2/profile.json	/shared/nockchain-ext4-bench/artifacts/runs/20260303_132456-sol-ext4-derived-trace-sampling-4g/runs/pass1/docker/btree/v2/bench.log	/shared/nockchain-ext4-bench/artifacts/runs/20260303_132456-sol-ext4-derived-trace-sampling-4g/runs/pass1/docker/btree/v2/time.txt	0	0	/shared/nockchain-ext4-bench/artifacts/runs/20260303_132456-sol-ext4-derived-trace-sampling-4g/runs/pass1/docker/btree/v2/perf-summary.json	/shared/nockchain-ext4-bench/artifacts/runs/20260303_132456-sol-ext4-derived-trace-sampling-4g/runs/pass1/docker/btree/v2/perf-flamegraph.svg	/shared/nockchain-ext4-bench/artifacts/runs/20260303_132456-sol-ext4-derived-trace-sampling-4g/runs/pass1/docker/btree/v2/perf-report.txt	/shared/nockchain-ext4-bench/artifacts/runs/20260303_132456-sol-ext4-derived-trace-sampling-4g/runs/pass1/docker/btree/v2/perf.folded	/shared/nockchain-ext4-bench/artifacts/runs/20260303_132456-sol-ext4-derived-trace-sampling-4g/runs/pass1/docker/btree/v2/perf.data	/shared/nockchain-ext4-bench/artifacts/runs/20260303_132456-sol-ext4-derived-trace-sampling-4g/runs/pass1/docker/btree/v2/trace.tracy	/shared/nockchain-ext4-bench/artifacts/runs/20260303_132456-sol-ext4-derived-trace-sampling-4g/runs/pass1/docker/btree/v2/trace-capture.log	0	0	0	0	20260303_132456-sol-ext4-derived-trace-sampling-4g	raw/20260303_132456-sol-ext4-derived-trace-sampling-4g/runs/pass1/docker/btree/v2/profile.json	raw/20260303_132456-sol-ext4-derived-trace-sampling-4g/runs/pass1/docker/btree/v2/bench.log	raw/20260303_132456-sol-ext4-derived-trace-sampling-4g/runs/pass1/docker/btree/v2/time.txt	raw/20260303_132456-sol-ext4-derived-trace-sampling-4g/runs/pass1/docker/btree/v2/perf-summary.json	raw/20260303_132456-sol-ext4-derived-trace-sampling-4g/runs/pass1/docker/btree/v2/perf-flamegraph.svg	raw/20260303_132456-sol-ext4-derived-trace-sampling-4g/runs/pass1/docker/btree/v2/perf-report.txt	raw/20260303_132456-sol-ext4-derived-trace-sampling-4g/runs/pass1/docker/btree/v2/perf.folded	raw/20260303_132456-sol-ext4-derived-trace-sampling-4g/runs/pass1/docker/btree/v2/perf.data	raw/20260303_132456-sol-ext4-derived-trace-sampling-4g/runs/pass1/docker/btree/v2/trace.tracy	raw/20260303_132456-sol-ext4-derived-trace-sampling-4g/runs/pass1/docker/btree/v2/trace-capture.log
8g	20260303_132616	1	docker	master	v0	100	0	2.4367243800000002	4.369876125	43.698761250000004	22.883943878386255	0	11	0	0	1063.8046875	1063.8046875	0	0	928	1056.5625	7.2421875	22085	0	0:07.08	30108	0	/shared/nockchain-ext4-bench/artifacts/runs/20260303_132616-sol-ext4-derived-trace-sampling-8g/runs/pass1/docker/master/v0/profile.json	/shared/nockchain-ext4-bench/artifacts/runs/20260303_132616-sol-ext4-derived-trace-sampling-8g/runs/pass1/docker/master/v0/bench.log	/shared/nockchain-ext4-bench/artifacts/runs/20260303_132616-sol-ext4-derived-trace-sampling-8g/runs/pass1/docker/master/v0/time.txt	0	0	/shared/nockchain-ext4-bench/artifacts/runs/20260303_132616-sol-ext4-derived-trace-sampling-8g/runs/pass1/docker/master/v0/perf-summary.json	/shared/nockchain-ext4-bench/artifacts/runs/20260303_132616-sol-ext4-derived-trace-sampling-8g/runs/pass1/docker/master/v0/perf-flamegraph.svg	/shared/nockchain-ext4-bench/artifacts/runs/20260303_132616-sol-ext4-derived-trace-sampling-8g/runs/pass1/docker/master/v0/perf-report.txt	/shared/nockchain-ext4-bench/artifacts/runs/20260303_132616-sol-ext4-derived-trace-sampling-8g/runs/pass1/docker/master/v0/perf.folded	/shared/nockchain-ext4-bench/artifacts/runs/20260303_132616-sol-ext4-derived-trace-sampling-8g/runs/pass1/docker/master/v0/perf.data	/shared/nockchain-ext4-bench/artifacts/runs/20260303_132616-sol-ext4-derived-trace-sampling-8g/runs/pass1/docker/master/v0/trace.tracy	/shared/nockchain-ext4-bench/artifacts/runs/20260303_132616-sol-ext4-derived-trace-sampling-8g/runs/pass1/docker/master/v0/trace-capture.log	0	0	0	0	20260303_132616-sol-ext4-derived-trace-sampling-8g	raw/20260303_132616-sol-ext4-derived-trace-sampling-8g/runs/pass1/docker/master/v0/profile.json	raw/20260303_132616-sol-ext4-derived-trace-sampling-8g/runs/pass1/docker/master/v0/bench.log	raw/20260303_132616-sol-ext4-derived-trace-sampling-8g/runs/pass1/docker/master/v0/time.txt	raw/20260303_132616-sol-ext4-derived-trace-sampling-8g/runs/pass1/docker/master/v0/perf-summary.json	raw/20260303_132616-sol-ext4-derived-trace-sampling-8g/runs/pass1/docker/master/v0/perf-flamegraph.svg	raw/20260303_132616-sol-ext4-derived-trace-sampling-8g/runs/pass1/docker/master/v0/perf-report.txt	raw/20260303_132616-sol-ext4-derived-trace-sampling-8g/runs/pass1/docker/master/v0/perf.folded	raw/20260303_132616-sol-ext4-derived-trace-sampling-8g/runs/pass1/docker/master/v0/perf.data	raw/20260303_132616-sol-ext4-derived-trace-sampling-8g/runs/pass1/docker/master/v0/trace.tracy	raw/20260303_132616-sol-ext4-derived-trace-sampling-8g/runs/pass1/docker/master/v0/trace-capture.log
8g	20260303_132616	1	docker	master	v1	100	0	2.417045468	4.6821845060000005	46.82184506000001	21.35755220065648	0	12	0	0	1063.47265625	1063.47265625	0	0	928.04296875	1056.62890625	6.84375	21582	0	0:07.39	30408	0	/shared/nockchain-ext4-bench/artifacts/runs/20260303_132616-sol-ext4-derived-trace-sampling-8g/runs/pass1/docker/master/v1/profile.json	/shared/nockchain-ext4-bench/artifacts/runs/20260303_132616-sol-ext4-derived-trace-sampling-8g/runs/pass1/docker/master/v1/bench.log	/shared/nockchain-ext4-bench/artifacts/runs/20260303_132616-sol-ext4-derived-trace-sampling-8g/runs/pass1/docker/master/v1/time.txt	0	0	/shared/nockchain-ext4-bench/artifacts/runs/20260303_132616-sol-ext4-derived-trace-sampling-8g/runs/pass1/docker/master/v1/perf-summary.json	/shared/nockchain-ext4-bench/artifacts/runs/20260303_132616-sol-ext4-derived-trace-sampling-8g/runs/pass1/docker/master/v1/perf-flamegraph.svg	/shared/nockchain-ext4-bench/artifacts/runs/20260303_132616-sol-ext4-derived-trace-sampling-8g/runs/pass1/docker/master/v1/perf-report.txt	/shared/nockchain-ext4-bench/artifacts/runs/20260303_132616-sol-ext4-derived-trace-sampling-8g/runs/pass1/docker/master/v1/perf.folded	/shared/nockchain-ext4-bench/artifacts/runs/20260303_132616-sol-ext4-derived-trace-sampling-8g/runs/pass1/docker/master/v1/perf.data	/shared/nockchain-ext4-bench/artifacts/runs/20260303_132616-sol-ext4-derived-trace-sampling-8g/runs/pass1/docker/master/v1/trace.tracy	/shared/nockchain-ext4-bench/artifacts/runs/20260303_132616-sol-ext4-derived-trace-sampling-8g/runs/pass1/docker/master/v1/trace-capture.log	0	0	0	0	20260303_132616-sol-ext4-derived-trace-sampling-8g	raw/20260303_132616-sol-ext4-derived-trace-sampling-8g/runs/pass1/docker/master/v1/profile.json	raw/20260303_132616-sol-ext4-derived-trace-sampling-8g/runs/pass1/docker/master/v1/bench.log	raw/20260303_132616-sol-ext4-derived-trace-sampling-8g/runs/pass1/docker/master/v1/time.txt	raw/20260303_132616-sol-ext4-derived-trace-sampling-8g/runs/pass1/docker/master/v1/perf-summary.json	raw/20260303_132616-sol-ext4-derived-trace-sampling-8g/runs/pass1/docker/master/v1/perf-flamegraph.svg	raw/20260303_132616-sol-ext4-derived-trace-sampling-8g/runs/pass1/docker/master/v1/perf-report.txt	raw/20260303_132616-sol-ext4-derived-trace-sampling-8g/runs/pass1/docker/master/v1/perf.folded	raw/20260303_132616-sol-ext4-derived-trace-sampling-8g/runs/pass1/docker/master/v1/perf.data	raw/20260303_132616-sol-ext4-derived-trace-sampling-8g/runs/pass1/docker/master/v1/trace.tracy	raw/20260303_132616-sol-ext4-derived-trace-sampling-8g/runs/pass1/docker/master/v1/trace-capture.log
8g	20260303_132616	1	docker	master	v2	100	0	2.4112381210000002	4.414199935	44.14199935	22.654161903067493	0	11	0	0	1063.6171875	1063.6171875	0	0	928	1056.5859375	7.03125	22096	0	0:07.07	29656	0	/shared/nockchain-ext4-bench/artifacts/runs/20260303_132616-sol-ext4-derived-trace-sampling-8g/runs/pass1/docker/master/v2/profile.json	/shared/nockchain-ext4-bench/artifacts/runs/20260303_132616-sol-ext4-derived-trace-sampling-8g/runs/pass1/docker/master/v2/bench.log	/shared/nockchain-ext4-bench/artifacts/runs/20260303_132616-sol-ext4-derived-trace-sampling-8g/runs/pass1/docker/master/v2/time.txt	0	0	/shared/nockchain-ext4-bench/artifacts/runs/20260303_132616-sol-ext4-derived-trace-sampling-8g/runs/pass1/docker/master/v2/perf-summary.json	/shared/nockchain-ext4-bench/artifacts/runs/20260303_132616-sol-ext4-derived-trace-sampling-8g/runs/pass1/docker/master/v2/perf-flamegraph.svg	/shared/nockchain-ext4-bench/artifacts/runs/20260303_132616-sol-ext4-derived-trace-sampling-8g/runs/pass1/docker/master/v2/perf-report.txt	/shared/nockchain-ext4-bench/artifacts/runs/20260303_132616-sol-ext4-derived-trace-sampling-8g/runs/pass1/docker/master/v2/perf.folded	/shared/nockchain-ext4-bench/artifacts/runs/20260303_132616-sol-ext4-derived-trace-sampling-8g/runs/pass1/docker/master/v2/perf.data	/shared/nockchain-ext4-bench/artifacts/runs/20260303_132616-sol-ext4-derived-trace-sampling-8g/runs/pass1/docker/master/v2/trace.tracy	/shared/nockchain-ext4-bench/artifacts/runs/20260303_132616-sol-ext4-derived-trace-sampling-8g/runs/pass1/docker/master/v2/trace-capture.log	0	0	0	0	20260303_132616-sol-ext4-derived-trace-sampling-8g	raw/20260303_132616-sol-ext4-derived-trace-sampling-8g/runs/pass1/docker/master/v2/profile.json	raw/20260303_132616-sol-ext4-derived-trace-sampling-8g/runs/pass1/docker/master/v2/bench.log	raw/20260303_132616-sol-ext4-derived-trace-sampling-8g/runs/pass1/docker/master/v2/time.txt	raw/20260303_132616-sol-ext4-derived-trace-sampling-8g/runs/pass1/docker/master/v2/perf-summary.json	raw/20260303_132616-sol-ext4-derived-trace-sampling-8g/runs/pass1/docker/master/v2/perf-flamegraph.svg	raw/20260303_132616-sol-ext4-derived-trace-sampling-8g/runs/pass1/docker/master/v2/perf-report.txt	raw/20260303_132616-sol-ext4-derived-trace-sampling-8g/runs/pass1/docker/master/v2/perf.folded	raw/20260303_132616-sol-ext4-derived-trace-sampling-8g/runs/pass1/docker/master/v2/perf.data	raw/20260303_132616-sol-ext4-derived-trace-sampling-8g/runs/pass1/docker/master/v2/trace.tracy	raw/20260303_132616-sol-ext4-derived-trace-sampling-8g/runs/pass1/docker/master/v2/trace-capture.log
8g	20260303_132616	1	docker	bump PMA	v0	100	0	3.063241593	1.880810656	18.80810656	53.1685630773032	0	6	0	1	1170.3125	1170.3125	86.51171875	16384.00390625	928	1076.22265625	94.08984375	48121	2	0:05.29	30964	0	/shared/nockchain-ext4-bench/artifacts/runs/20260303_132616-sol-ext4-derived-trace-sampling-8g/runs/pass1/docker/streaming/v0/profile.json	/shared/nockchain-ext4-bench/artifacts/runs/20260303_132616-sol-ext4-derived-trace-sampling-8g/runs/pass1/docker/streaming/v0/bench.log	/shared/nockchain-ext4-bench/artifacts/runs/20260303_132616-sol-ext4-derived-trace-sampling-8g/runs/pass1/docker/streaming/v0/time.txt	0	0	/shared/nockchain-ext4-bench/artifacts/runs/20260303_132616-sol-ext4-derived-trace-sampling-8g/runs/pass1/docker/streaming/v0/perf-summary.json	/shared/nockchain-ext4-bench/artifacts/runs/20260303_132616-sol-ext4-derived-trace-sampling-8g/runs/pass1/docker/streaming/v0/perf-flamegraph.svg	/shared/nockchain-ext4-bench/artifacts/runs/20260303_132616-sol-ext4-derived-trace-sampling-8g/runs/pass1/docker/streaming/v0/perf-report.txt	/shared/nockchain-ext4-bench/artifacts/runs/20260303_132616-sol-ext4-derived-trace-sampling-8g/runs/pass1/docker/streaming/v0/perf.folded	/shared/nockchain-ext4-bench/artifacts/runs/20260303_132616-sol-ext4-derived-trace-sampling-8g/runs/pass1/docker/streaming/v0/perf.data	/shared/nockchain-ext4-bench/artifacts/runs/20260303_132616-sol-ext4-derived-trace-sampling-8g/runs/pass1/docker/streaming/v0/trace.tracy	/shared/nockchain-ext4-bench/artifacts/runs/20260303_132616-sol-ext4-derived-trace-sampling-8g/runs/pass1/docker/streaming/v0/trace-capture.log	0	0	0	0	20260303_132616-sol-ext4-derived-trace-sampling-8g	raw/20260303_132616-sol-ext4-derived-trace-sampling-8g/runs/pass1/docker/streaming/v0/profile.json	raw/20260303_132616-sol-ext4-derived-trace-sampling-8g/runs/pass1/docker/streaming/v0/bench.log	raw/20260303_132616-sol-ext4-derived-trace-sampling-8g/runs/pass1/docker/streaming/v0/time.txt	raw/20260303_132616-sol-ext4-derived-trace-sampling-8g/runs/pass1/docker/streaming/v0/perf-summary.json	raw/20260303_132616-sol-ext4-derived-trace-sampling-8g/runs/pass1/docker/streaming/v0/perf-flamegraph.svg	raw/20260303_132616-sol-ext4-derived-trace-sampling-8g/runs/pass1/docker/streaming/v0/perf-report.txt	raw/20260303_132616-sol-ext4-derived-trace-sampling-8g/runs/pass1/docker/streaming/v0/perf.folded	raw/20260303_132616-sol-ext4-derived-trace-sampling-8g/runs/pass1/docker/streaming/v0/perf.data	raw/20260303_132616-sol-ext4-derived-trace-sampling-8g/runs/pass1/docker/streaming/v0/trace.tracy	raw/20260303_132616-sol-ext4-derived-trace-sampling-8g/runs/pass1/docker/streaming/v0/trace-capture.log
8g	20260303_132616	1	docker	bump PMA	v1	100	0	2.998526393	1.874859479	18.74859479	53.337330674689994	0	6	0	1	1171.1953125	1171.1953125	86.51171875	16384.00390625	928	1077.14453125	94.05078125	46298	2	0:05.26	31376	0	/shared/nockchain-ext4-bench/artifacts/runs/20260303_132616-sol-ext4-derived-trace-sampling-8g/runs/pass1/docker/streaming/v1/profile.json	/shared/nockchain-ext4-bench/artifacts/runs/20260303_132616-sol-ext4-derived-trace-sampling-8g/runs/pass1/docker/streaming/v1/bench.log	/shared/nockchain-ext4-bench/artifacts/runs/20260303_132616-sol-ext4-derived-trace-sampling-8g/runs/pass1/docker/streaming/v1/time.txt	0	0	/shared/nockchain-ext4-bench/artifacts/runs/20260303_132616-sol-ext4-derived-trace-sampling-8g/runs/pass1/docker/streaming/v1/perf-summary.json	/shared/nockchain-ext4-bench/artifacts/runs/20260303_132616-sol-ext4-derived-trace-sampling-8g/runs/pass1/docker/streaming/v1/perf-flamegraph.svg	/shared/nockchain-ext4-bench/artifacts/runs/20260303_132616-sol-ext4-derived-trace-sampling-8g/runs/pass1/docker/streaming/v1/perf-report.txt	/shared/nockchain-ext4-bench/artifacts/runs/20260303_132616-sol-ext4-derived-trace-sampling-8g/runs/pass1/docker/streaming/v1/perf.folded	/shared/nockchain-ext4-bench/artifacts/runs/20260303_132616-sol-ext4-derived-trace-sampling-8g/runs/pass1/docker/streaming/v1/perf.data	/shared/nockchain-ext4-bench/artifacts/runs/20260303_132616-sol-ext4-derived-trace-sampling-8g/runs/pass1/docker/streaming/v1/trace.tracy	/shared/nockchain-ext4-bench/artifacts/runs/20260303_132616-sol-ext4-derived-trace-sampling-8g/runs/pass1/docker/streaming/v1/trace-capture.log	0	0	0	0	20260303_132616-sol-ext4-derived-trace-sampling-8g	raw/20260303_132616-sol-ext4-derived-trace-sampling-8g/runs/pass1/docker/streaming/v1/profile.json	raw/20260303_132616-sol-ext4-derived-trace-sampling-8g/runs/pass1/docker/streaming/v1/bench.log	raw/20260303_132616-sol-ext4-derived-trace-sampling-8g/runs/pass1/docker/streaming/v1/time.txt	raw/20260303_132616-sol-ext4-derived-trace-sampling-8g/runs/pass1/docker/streaming/v1/perf-summary.json	raw/20260303_132616-sol-ext4-derived-trace-sampling-8g/runs/pass1/docker/streaming/v1/perf-flamegraph.svg	raw/20260303_132616-sol-ext4-derived-trace-sampling-8g/runs/pass1/docker/streaming/v1/perf-report.txt	raw/20260303_132616-sol-ext4-derived-trace-sampling-8g/runs/pass1/docker/streaming/v1/perf.folded	raw/20260303_132616-sol-ext4-derived-trace-sampling-8g/runs/pass1/docker/streaming/v1/perf.data	raw/20260303_132616-sol-ext4-derived-trace-sampling-8g/runs/pass1/docker/streaming/v1/trace.tracy	raw/20260303_132616-sol-ext4-derived-trace-sampling-8g/runs/pass1/docker/streaming/v1/trace-capture.log
8g	20260303_132616	1	docker	bump PMA	v2	100	0	3.08250331	1.8890694209999999	18.89069421	52.93611705760601	0	6	0	1	1169.82421875	1169.82421875	86.51171875	16384.00390625	928	1075.89453125	93.9296875	47319	2	0:05.32	29844	0	/shared/nockchain-ext4-bench/artifacts/runs/20260303_132616-sol-ext4-derived-trace-sampling-8g/runs/pass1/docker/streaming/v2/profile.json	/shared/nockchain-ext4-bench/artifacts/runs/20260303_132616-sol-ext4-derived-trace-sampling-8g/runs/pass1/docker/streaming/v2/bench.log	/shared/nockchain-ext4-bench/artifacts/runs/20260303_132616-sol-ext4-derived-trace-sampling-8g/runs/pass1/docker/streaming/v2/time.txt	0	0	/shared/nockchain-ext4-bench/artifacts/runs/20260303_132616-sol-ext4-derived-trace-sampling-8g/runs/pass1/docker/streaming/v2/perf-summary.json	/shared/nockchain-ext4-bench/artifacts/runs/20260303_132616-sol-ext4-derived-trace-sampling-8g/runs/pass1/docker/streaming/v2/perf-flamegraph.svg	/shared/nockchain-ext4-bench/artifacts/runs/20260303_132616-sol-ext4-derived-trace-sampling-8g/runs/pass1/docker/streaming/v2/perf-report.txt	/shared/nockchain-ext4-bench/artifacts/runs/20260303_132616-sol-ext4-derived-trace-sampling-8g/runs/pass1/docker/streaming/v2/perf.folded	/shared/nockchain-ext4-bench/artifacts/runs/20260303_132616-sol-ext4-derived-trace-sampling-8g/runs/pass1/docker/streaming/v2/perf.data	/shared/nockchain-ext4-bench/artifacts/runs/20260303_132616-sol-ext4-derived-trace-sampling-8g/runs/pass1/docker/streaming/v2/trace.tracy	/shared/nockchain-ext4-bench/artifacts/runs/20260303_132616-sol-ext4-derived-trace-sampling-8g/runs/pass1/docker/streaming/v2/trace-capture.log	0	0	0	0	20260303_132616-sol-ext4-derived-trace-sampling-8g	raw/20260303_132616-sol-ext4-derived-trace-sampling-8g/runs/pass1/docker/streaming/v2/profile.json	raw/20260303_132616-sol-ext4-derived-trace-sampling-8g/runs/pass1/docker/streaming/v2/bench.log	raw/20260303_132616-sol-ext4-derived-trace-sampling-8g/runs/pass1/docker/streaming/v2/time.txt	raw/20260303_132616-sol-ext4-derived-trace-sampling-8g/runs/pass1/docker/streaming/v2/perf-summary.json	raw/20260303_132616-sol-ext4-derived-trace-sampling-8g/runs/pass1/docker/streaming/v2/perf-flamegraph.svg	raw/20260303_132616-sol-ext4-derived-trace-sampling-8g/runs/pass1/docker/streaming/v2/perf-report.txt	raw/20260303_132616-sol-ext4-derived-trace-sampling-8g/runs/pass1/docker/streaming/v2/perf.folded	raw/20260303_132616-sol-ext4-derived-trace-sampling-8g/runs/pass1/docker/streaming/v2/perf.data	raw/20260303_132616-sol-ext4-derived-trace-sampling-8g/runs/pass1/docker/streaming/v2/trace.tracy	raw/20260303_132616-sol-ext4-derived-trace-sampling-8g/runs/pass1/docker/streaming/v2/trace-capture.log
8g	20260303_132616	1	docker	btree	v0	100	0	2.882180689	10.104895106	101.04895106000001	9.896193770544222	0	22	0	0	1083.7734375	1083.7734375	0	0	928.04296875	1075.875	7.8984375	25672	0	0:13.31	29944	0	/shared/nockchain-ext4-bench/artifacts/runs/20260303_132616-sol-ext4-derived-trace-sampling-8g/runs/pass1/docker/btree/v0/profile.json	/shared/nockchain-ext4-bench/artifacts/runs/20260303_132616-sol-ext4-derived-trace-sampling-8g/runs/pass1/docker/btree/v0/bench.log	/shared/nockchain-ext4-bench/artifacts/runs/20260303_132616-sol-ext4-derived-trace-sampling-8g/runs/pass1/docker/btree/v0/time.txt	0	0	/shared/nockchain-ext4-bench/artifacts/runs/20260303_132616-sol-ext4-derived-trace-sampling-8g/runs/pass1/docker/btree/v0/perf-summary.json	/shared/nockchain-ext4-bench/artifacts/runs/20260303_132616-sol-ext4-derived-trace-sampling-8g/runs/pass1/docker/btree/v0/perf-flamegraph.svg	/shared/nockchain-ext4-bench/artifacts/runs/20260303_132616-sol-ext4-derived-trace-sampling-8g/runs/pass1/docker/btree/v0/perf-report.txt	/shared/nockchain-ext4-bench/artifacts/runs/20260303_132616-sol-ext4-derived-trace-sampling-8g/runs/pass1/docker/btree/v0/perf.folded	/shared/nockchain-ext4-bench/artifacts/runs/20260303_132616-sol-ext4-derived-trace-sampling-8g/runs/pass1/docker/btree/v0/perf.data	/shared/nockchain-ext4-bench/artifacts/runs/20260303_132616-sol-ext4-derived-trace-sampling-8g/runs/pass1/docker/btree/v0/trace.tracy	/shared/nockchain-ext4-bench/artifacts/runs/20260303_132616-sol-ext4-derived-trace-sampling-8g/runs/pass1/docker/btree/v0/trace-capture.log	0	0	0	0	20260303_132616-sol-ext4-derived-trace-sampling-8g	raw/20260303_132616-sol-ext4-derived-trace-sampling-8g/runs/pass1/docker/btree/v0/profile.json	raw/20260303_132616-sol-ext4-derived-trace-sampling-8g/runs/pass1/docker/btree/v0/bench.log	raw/20260303_132616-sol-ext4-derived-trace-sampling-8g/runs/pass1/docker/btree/v0/time.txt	raw/20260303_132616-sol-ext4-derived-trace-sampling-8g/runs/pass1/docker/btree/v0/perf-summary.json	raw/20260303_132616-sol-ext4-derived-trace-sampling-8g/runs/pass1/docker/btree/v0/perf-flamegraph.svg	raw/20260303_132616-sol-ext4-derived-trace-sampling-8g/runs/pass1/docker/btree/v0/perf-report.txt	raw/20260303_132616-sol-ext4-derived-trace-sampling-8g/runs/pass1/docker/btree/v0/perf.folded	raw/20260303_132616-sol-ext4-derived-trace-sampling-8g/runs/pass1/docker/btree/v0/perf.data	raw/20260303_132616-sol-ext4-derived-trace-sampling-8g/runs/pass1/docker/btree/v0/trace.tracy	raw/20260303_132616-sol-ext4-derived-trace-sampling-8g/runs/pass1/docker/btree/v0/trace-capture.log
8g	20260303_132616	1	docker	btree	v1	100	0	2.917861331	10.567608124	105.67608124	9.462879284186448	0	22	0	0	1084.4609375	1084.4609375	0	0	928.04296875	1076.7421875	7.71875	26198	0	0:13.76	30676	0	/shared/nockchain-ext4-bench/artifacts/runs/20260303_132616-sol-ext4-derived-trace-sampling-8g/runs/pass1/docker/btree/v1/profile.json	/shared/nockchain-ext4-bench/artifacts/runs/20260303_132616-sol-ext4-derived-trace-sampling-8g/runs/pass1/docker/btree/v1/bench.log	/shared/nockchain-ext4-bench/artifacts/runs/20260303_132616-sol-ext4-derived-trace-sampling-8g/runs/pass1/docker/btree/v1/time.txt	0	0	/shared/nockchain-ext4-bench/artifacts/runs/20260303_132616-sol-ext4-derived-trace-sampling-8g/runs/pass1/docker/btree/v1/perf-summary.json	/shared/nockchain-ext4-bench/artifacts/runs/20260303_132616-sol-ext4-derived-trace-sampling-8g/runs/pass1/docker/btree/v1/perf-flamegraph.svg	/shared/nockchain-ext4-bench/artifacts/runs/20260303_132616-sol-ext4-derived-trace-sampling-8g/runs/pass1/docker/btree/v1/perf-report.txt	/shared/nockchain-ext4-bench/artifacts/runs/20260303_132616-sol-ext4-derived-trace-sampling-8g/runs/pass1/docker/btree/v1/perf.folded	/shared/nockchain-ext4-bench/artifacts/runs/20260303_132616-sol-ext4-derived-trace-sampling-8g/runs/pass1/docker/btree/v1/perf.data	/shared/nockchain-ext4-bench/artifacts/runs/20260303_132616-sol-ext4-derived-trace-sampling-8g/runs/pass1/docker/btree/v1/trace.tracy	/shared/nockchain-ext4-bench/artifacts/runs/20260303_132616-sol-ext4-derived-trace-sampling-8g/runs/pass1/docker/btree/v1/trace-capture.log	0	0	0	0	20260303_132616-sol-ext4-derived-trace-sampling-8g	raw/20260303_132616-sol-ext4-derived-trace-sampling-8g/runs/pass1/docker/btree/v1/profile.json	raw/20260303_132616-sol-ext4-derived-trace-sampling-8g/runs/pass1/docker/btree/v1/bench.log	raw/20260303_132616-sol-ext4-derived-trace-sampling-8g/runs/pass1/docker/btree/v1/time.txt	raw/20260303_132616-sol-ext4-derived-trace-sampling-8g/runs/pass1/docker/btree/v1/perf-summary.json	raw/20260303_132616-sol-ext4-derived-trace-sampling-8g/runs/pass1/docker/btree/v1/perf-flamegraph.svg	raw/20260303_132616-sol-ext4-derived-trace-sampling-8g/runs/pass1/docker/btree/v1/perf-report.txt	raw/20260303_132616-sol-ext4-derived-trace-sampling-8g/runs/pass1/docker/btree/v1/perf.folded	raw/20260303_132616-sol-ext4-derived-trace-sampling-8g/runs/pass1/docker/btree/v1/perf.data	raw/20260303_132616-sol-ext4-derived-trace-sampling-8g/runs/pass1/docker/btree/v1/trace.tracy	raw/20260303_132616-sol-ext4-derived-trace-sampling-8g/runs/pass1/docker/btree/v1/trace-capture.log
8g	20260303_132616	1	docker	btree	v2	100	0	2.911953455	10.314992343	103.14992343	9.6946266826715	0	22	0	0	1084.0	1084.0	0	0	928.04296875	1076.21875	7.78125	25476	0	0:13.49	30164	0	/shared/nockchain-ext4-bench/artifacts/runs/20260303_132616-sol-ext4-derived-trace-sampling-8g/runs/pass1/docker/btree/v2/profile.json	/shared/nockchain-ext4-bench/artifacts/runs/20260303_132616-sol-ext4-derived-trace-sampling-8g/runs/pass1/docker/btree/v2/bench.log	/shared/nockchain-ext4-bench/artifacts/runs/20260303_132616-sol-ext4-derived-trace-sampling-8g/runs/pass1/docker/btree/v2/time.txt	0	0	/shared/nockchain-ext4-bench/artifacts/runs/20260303_132616-sol-ext4-derived-trace-sampling-8g/runs/pass1/docker/btree/v2/perf-summary.json	/shared/nockchain-ext4-bench/artifacts/runs/20260303_132616-sol-ext4-derived-trace-sampling-8g/runs/pass1/docker/btree/v2/perf-flamegraph.svg	/shared/nockchain-ext4-bench/artifacts/runs/20260303_132616-sol-ext4-derived-trace-sampling-8g/runs/pass1/docker/btree/v2/perf-report.txt	/shared/nockchain-ext4-bench/artifacts/runs/20260303_132616-sol-ext4-derived-trace-sampling-8g/runs/pass1/docker/btree/v2/perf.folded	/shared/nockchain-ext4-bench/artifacts/runs/20260303_132616-sol-ext4-derived-trace-sampling-8g/runs/pass1/docker/btree/v2/perf.data	/shared/nockchain-ext4-bench/artifacts/runs/20260303_132616-sol-ext4-derived-trace-sampling-8g/runs/pass1/docker/btree/v2/trace.tracy	/shared/nockchain-ext4-bench/artifacts/runs/20260303_132616-sol-ext4-derived-trace-sampling-8g/runs/pass1/docker/btree/v2/trace-capture.log	0	0	0	0	20260303_132616-sol-ext4-derived-trace-sampling-8g	raw/20260303_132616-sol-ext4-derived-trace-sampling-8g/runs/pass1/docker/btree/v2/profile.json	raw/20260303_132616-sol-ext4-derived-trace-sampling-8g/runs/pass1/docker/btree/v2/bench.log	raw/20260303_132616-sol-ext4-derived-trace-sampling-8g/runs/pass1/docker/btree/v2/time.txt	raw/20260303_132616-sol-ext4-derived-trace-sampling-8g/runs/pass1/docker/btree/v2/perf-summary.json	raw/20260303_132616-sol-ext4-derived-trace-sampling-8g/runs/pass1/docker/btree/v2/perf-flamegraph.svg	raw/20260303_132616-sol-ext4-derived-trace-sampling-8g/runs/pass1/docker/btree/v2/perf-report.txt	raw/20260303_132616-sol-ext4-derived-trace-sampling-8g/runs/pass1/docker/btree/v2/perf.folded	raw/20260303_132616-sol-ext4-derived-trace-sampling-8g/runs/pass1/docker/btree/v2/perf.data	raw/20260303_132616-sol-ext4-derived-trace-sampling-8g/runs/pass1/docker/btree/v2/trace.tracy	raw/20260303_132616-sol-ext4-derived-trace-sampling-8g/runs/pass1/docker/btree/v2/trace-capture.log
16g	20260303_132737	1	docker	master	v0	100	0	2.430751582	4.271566716	42.715667159999995	23.410614102181803	0	11	0	0	1063.4921875	1063.4921875	0	0	928	1056.5625	6.9296875	21572	0	0:06.96	30164	0	/shared/nockchain-ext4-bench/artifacts/runs/20260303_132737-sol-ext4-derived-trace-sampling-16g/runs/pass1/docker/master/v0/profile.json	/shared/nockchain-ext4-bench/artifacts/runs/20260303_132737-sol-ext4-derived-trace-sampling-16g/runs/pass1/docker/master/v0/bench.log	/shared/nockchain-ext4-bench/artifacts/runs/20260303_132737-sol-ext4-derived-trace-sampling-16g/runs/pass1/docker/master/v0/time.txt	0	0	/shared/nockchain-ext4-bench/artifacts/runs/20260303_132737-sol-ext4-derived-trace-sampling-16g/runs/pass1/docker/master/v0/perf-summary.json	/shared/nockchain-ext4-bench/artifacts/runs/20260303_132737-sol-ext4-derived-trace-sampling-16g/runs/pass1/docker/master/v0/perf-flamegraph.svg	/shared/nockchain-ext4-bench/artifacts/runs/20260303_132737-sol-ext4-derived-trace-sampling-16g/runs/pass1/docker/master/v0/perf-report.txt	/shared/nockchain-ext4-bench/artifacts/runs/20260303_132737-sol-ext4-derived-trace-sampling-16g/runs/pass1/docker/master/v0/perf.folded	/shared/nockchain-ext4-bench/artifacts/runs/20260303_132737-sol-ext4-derived-trace-sampling-16g/runs/pass1/docker/master/v0/perf.data	/shared/nockchain-ext4-bench/artifacts/runs/20260303_132737-sol-ext4-derived-trace-sampling-16g/runs/pass1/docker/master/v0/trace.tracy	/shared/nockchain-ext4-bench/artifacts/runs/20260303_132737-sol-ext4-derived-trace-sampling-16g/runs/pass1/docker/master/v0/trace-capture.log	0	0	0	0	20260303_132737-sol-ext4-derived-trace-sampling-16g	raw/20260303_132737-sol-ext4-derived-trace-sampling-16g/runs/pass1/docker/master/v0/profile.json	raw/20260303_132737-sol-ext4-derived-trace-sampling-16g/runs/pass1/docker/master/v0/bench.log	raw/20260303_132737-sol-ext4-derived-trace-sampling-16g/runs/pass1/docker/master/v0/time.txt	raw/20260303_132737-sol-ext4-derived-trace-sampling-16g/runs/pass1/docker/master/v0/perf-summary.json	raw/20260303_132737-sol-ext4-derived-trace-sampling-16g/runs/pass1/docker/master/v0/perf-flamegraph.svg	raw/20260303_132737-sol-ext4-derived-trace-sampling-16g/runs/pass1/docker/master/v0/perf-report.txt	raw/20260303_132737-sol-ext4-derived-trace-sampling-16g/runs/pass1/docker/master/v0/perf.folded	raw/20260303_132737-sol-ext4-derived-trace-sampling-16g/runs/pass1/docker/master/v0/perf.data	raw/20260303_132737-sol-ext4-derived-trace-sampling-16g/runs/pass1/docker/master/v0/trace.tracy	raw/20260303_132737-sol-ext4-derived-trace-sampling-16g/runs/pass1/docker/master/v0/trace-capture.log
16g	20260303_132737	1	docker	master	v1	100	0	2.410395267	4.756967571	47.56967571	21.021795609798158	0	12	0	0	1063.59765625	1063.59765625	0	0	928.04296875	1056.62890625	6.96875	21584	0	0:07.44	30624	0	/shared/nockchain-ext4-bench/artifacts/runs/20260303_132737-sol-ext4-derived-trace-sampling-16g/runs/pass1/docker/master/v1/profile.json	/shared/nockchain-ext4-bench/artifacts/runs/20260303_132737-sol-ext4-derived-trace-sampling-16g/runs/pass1/docker/master/v1/bench.log	/shared/nockchain-ext4-bench/artifacts/runs/20260303_132737-sol-ext4-derived-trace-sampling-16g/runs/pass1/docker/master/v1/time.txt	0	0	/shared/nockchain-ext4-bench/artifacts/runs/20260303_132737-sol-ext4-derived-trace-sampling-16g/runs/pass1/docker/master/v1/perf-summary.json	/shared/nockchain-ext4-bench/artifacts/runs/20260303_132737-sol-ext4-derived-trace-sampling-16g/runs/pass1/docker/master/v1/perf-flamegraph.svg	/shared/nockchain-ext4-bench/artifacts/runs/20260303_132737-sol-ext4-derived-trace-sampling-16g/runs/pass1/docker/master/v1/perf-report.txt	/shared/nockchain-ext4-bench/artifacts/runs/20260303_132737-sol-ext4-derived-trace-sampling-16g/runs/pass1/docker/master/v1/perf.folded	/shared/nockchain-ext4-bench/artifacts/runs/20260303_132737-sol-ext4-derived-trace-sampling-16g/runs/pass1/docker/master/v1/perf.data	/shared/nockchain-ext4-bench/artifacts/runs/20260303_132737-sol-ext4-derived-trace-sampling-16g/runs/pass1/docker/master/v1/trace.tracy	/shared/nockchain-ext4-bench/artifacts/runs/20260303_132737-sol-ext4-derived-trace-sampling-16g/runs/pass1/docker/master/v1/trace-capture.log	0	0	0	0	20260303_132737-sol-ext4-derived-trace-sampling-16g	raw/20260303_132737-sol-ext4-derived-trace-sampling-16g/runs/pass1/docker/master/v1/profile.json	raw/20260303_132737-sol-ext4-derived-trace-sampling-16g/runs/pass1/docker/master/v1/bench.log	raw/20260303_132737-sol-ext4-derived-trace-sampling-16g/runs/pass1/docker/master/v1/time.txt	raw/20260303_132737-sol-ext4-derived-trace-sampling-16g/runs/pass1/docker/master/v1/perf-summary.json	raw/20260303_132737-sol-ext4-derived-trace-sampling-16g/runs/pass1/docker/master/v1/perf-flamegraph.svg	raw/20260303_132737-sol-ext4-derived-trace-sampling-16g/runs/pass1/docker/master/v1/perf-report.txt	raw/20260303_132737-sol-ext4-derived-trace-sampling-16g/runs/pass1/docker/master/v1/perf.folded	raw/20260303_132737-sol-ext4-derived-trace-sampling-16g/runs/pass1/docker/master/v1/perf.data	raw/20260303_132737-sol-ext4-derived-trace-sampling-16g/runs/pass1/docker/master/v1/trace.tracy	raw/20260303_132737-sol-ext4-derived-trace-sampling-16g/runs/pass1/docker/master/v1/trace-capture.log
16g	20260303_132737	1	docker	master	v2	100	0	2.415168629	4.587722969	45.87722968999999	21.79730569515999	0	11	0	0	1063.4375	1063.4375	0	0	928.04296875	1056.58984375	6.84765625	21072	0	0:07.27	30180	0	/shared/nockchain-ext4-bench/artifacts/runs/20260303_132737-sol-ext4-derived-trace-sampling-16g/runs/pass1/docker/master/v2/profile.json	/shared/nockchain-ext4-bench/artifacts/runs/20260303_132737-sol-ext4-derived-trace-sampling-16g/runs/pass1/docker/master/v2/bench.log	/shared/nockchain-ext4-bench/artifacts/runs/20260303_132737-sol-ext4-derived-trace-sampling-16g/runs/pass1/docker/master/v2/time.txt	0	0	/shared/nockchain-ext4-bench/artifacts/runs/20260303_132737-sol-ext4-derived-trace-sampling-16g/runs/pass1/docker/master/v2/perf-summary.json	/shared/nockchain-ext4-bench/artifacts/runs/20260303_132737-sol-ext4-derived-trace-sampling-16g/runs/pass1/docker/master/v2/perf-flamegraph.svg	/shared/nockchain-ext4-bench/artifacts/runs/20260303_132737-sol-ext4-derived-trace-sampling-16g/runs/pass1/docker/master/v2/perf-report.txt	/shared/nockchain-ext4-bench/artifacts/runs/20260303_132737-sol-ext4-derived-trace-sampling-16g/runs/pass1/docker/master/v2/perf.folded	/shared/nockchain-ext4-bench/artifacts/runs/20260303_132737-sol-ext4-derived-trace-sampling-16g/runs/pass1/docker/master/v2/perf.data	/shared/nockchain-ext4-bench/artifacts/runs/20260303_132737-sol-ext4-derived-trace-sampling-16g/runs/pass1/docker/master/v2/trace.tracy	/shared/nockchain-ext4-bench/artifacts/runs/20260303_132737-sol-ext4-derived-trace-sampling-16g/runs/pass1/docker/master/v2/trace-capture.log	0	0	0	0	20260303_132737-sol-ext4-derived-trace-sampling-16g	raw/20260303_132737-sol-ext4-derived-trace-sampling-16g/runs/pass1/docker/master/v2/profile.json	raw/20260303_132737-sol-ext4-derived-trace-sampling-16g/runs/pass1/docker/master/v2/bench.log	raw/20260303_132737-sol-ext4-derived-trace-sampling-16g/runs/pass1/docker/master/v2/time.txt	raw/20260303_132737-sol-ext4-derived-trace-sampling-16g/runs/pass1/docker/master/v2/perf-summary.json	raw/20260303_132737-sol-ext4-derived-trace-sampling-16g/runs/pass1/docker/master/v2/perf-flamegraph.svg	raw/20260303_132737-sol-ext4-derived-trace-sampling-16g/runs/pass1/docker/master/v2/perf-report.txt	raw/20260303_132737-sol-ext4-derived-trace-sampling-16g/runs/pass1/docker/master/v2/perf.folded	raw/20260303_132737-sol-ext4-derived-trace-sampling-16g/runs/pass1/docker/master/v2/perf.data	raw/20260303_132737-sol-ext4-derived-trace-sampling-16g/runs/pass1/docker/master/v2/trace.tracy	raw/20260303_132737-sol-ext4-derived-trace-sampling-16g/runs/pass1/docker/master/v2/trace-capture.log
16g	20260303_132737	1	docker	bump PMA	v0	100	0	3.021169937	1.8837177299999999	18.837177299999997	53.08650994116831	0	6	0	1	1170.390625	1170.390625	86.51171875	16384.00390625	928	1076.23046875	94.16015625	47610	2	0:05.22	29644	0	/shared/nockchain-ext4-bench/artifacts/runs/20260303_132737-sol-ext4-derived-trace-sampling-16g/runs/pass1/docker/streaming/v0/profile.json	/shared/nockchain-ext4-bench/artifacts/runs/20260303_132737-sol-ext4-derived-trace-sampling-16g/runs/pass1/docker/streaming/v0/bench.log	/shared/nockchain-ext4-bench/artifacts/runs/20260303_132737-sol-ext4-derived-trace-sampling-16g/runs/pass1/docker/streaming/v0/time.txt	0	0	/shared/nockchain-ext4-bench/artifacts/runs/20260303_132737-sol-ext4-derived-trace-sampling-16g/runs/pass1/docker/streaming/v0/perf-summary.json	/shared/nockchain-ext4-bench/artifacts/runs/20260303_132737-sol-ext4-derived-trace-sampling-16g/runs/pass1/docker/streaming/v0/perf-flamegraph.svg	/shared/nockchain-ext4-bench/artifacts/runs/20260303_132737-sol-ext4-derived-trace-sampling-16g/runs/pass1/docker/streaming/v0/perf-report.txt	/shared/nockchain-ext4-bench/artifacts/runs/20260303_132737-sol-ext4-derived-trace-sampling-16g/runs/pass1/docker/streaming/v0/perf.folded	/shared/nockchain-ext4-bench/artifacts/runs/20260303_132737-sol-ext4-derived-trace-sampling-16g/runs/pass1/docker/streaming/v0/perf.data	/shared/nockchain-ext4-bench/artifacts/runs/20260303_132737-sol-ext4-derived-trace-sampling-16g/runs/pass1/docker/streaming/v0/trace.tracy	/shared/nockchain-ext4-bench/artifacts/runs/20260303_132737-sol-ext4-derived-trace-sampling-16g/runs/pass1/docker/streaming/v0/trace-capture.log	0	0	0	0	20260303_132737-sol-ext4-derived-trace-sampling-16g	raw/20260303_132737-sol-ext4-derived-trace-sampling-16g/runs/pass1/docker/streaming/v0/profile.json	raw/20260303_132737-sol-ext4-derived-trace-sampling-16g/runs/pass1/docker/streaming/v0/bench.log	raw/20260303_132737-sol-ext4-derived-trace-sampling-16g/runs/pass1/docker/streaming/v0/time.txt	raw/20260303_132737-sol-ext4-derived-trace-sampling-16g/runs/pass1/docker/streaming/v0/perf-summary.json	raw/20260303_132737-sol-ext4-derived-trace-sampling-16g/runs/pass1/docker/streaming/v0/perf-flamegraph.svg	raw/20260303_132737-sol-ext4-derived-trace-sampling-16g/runs/pass1/docker/streaming/v0/perf-report.txt	raw/20260303_132737-sol-ext4-derived-trace-sampling-16g/runs/pass1/docker/streaming/v0/perf.folded	raw/20260303_132737-sol-ext4-derived-trace-sampling-16g/runs/pass1/docker/streaming/v0/perf.data	raw/20260303_132737-sol-ext4-derived-trace-sampling-16g/runs/pass1/docker/streaming/v0/trace.tracy	raw/20260303_132737-sol-ext4-derived-trace-sampling-16g/runs/pass1/docker/streaming/v0/trace-capture.log
16g	20260303_132737	1	docker	bump PMA	v1	100	0	2.981603992	1.863244795	18.63244795	53.669813149806764	0	6	0	1	1169.96484375	1169.96484375	86.51171875	16384.00390625	928	1075.94140625	94.0234375	46296	2	0:05.18	30996	0	/shared/nockchain-ext4-bench/artifacts/runs/20260303_132737-sol-ext4-derived-trace-sampling-16g/runs/pass1/docker/streaming/v1/profile.json	/shared/nockchain-ext4-bench/artifacts/runs/20260303_132737-sol-ext4-derived-trace-sampling-16g/runs/pass1/docker/streaming/v1/bench.log	/shared/nockchain-ext4-bench/artifacts/runs/20260303_132737-sol-ext4-derived-trace-sampling-16g/runs/pass1/docker/streaming/v1/time.txt	0	0	/shared/nockchain-ext4-bench/artifacts/runs/20260303_132737-sol-ext4-derived-trace-sampling-16g/runs/pass1/docker/streaming/v1/perf-summary.json	/shared/nockchain-ext4-bench/artifacts/runs/20260303_132737-sol-ext4-derived-trace-sampling-16g/runs/pass1/docker/streaming/v1/perf-flamegraph.svg	/shared/nockchain-ext4-bench/artifacts/runs/20260303_132737-sol-ext4-derived-trace-sampling-16g/runs/pass1/docker/streaming/v1/perf-report.txt	/shared/nockchain-ext4-bench/artifacts/runs/20260303_132737-sol-ext4-derived-trace-sampling-16g/runs/pass1/docker/streaming/v1/perf.folded	/shared/nockchain-ext4-bench/artifacts/runs/20260303_132737-sol-ext4-derived-trace-sampling-16g/runs/pass1/docker/streaming/v1/perf.data	/shared/nockchain-ext4-bench/artifacts/runs/20260303_132737-sol-ext4-derived-trace-sampling-16g/runs/pass1/docker/streaming/v1/trace.tracy	/shared/nockchain-ext4-bench/artifacts/runs/20260303_132737-sol-ext4-derived-trace-sampling-16g/runs/pass1/docker/streaming/v1/trace-capture.log	0	0	0	0	20260303_132737-sol-ext4-derived-trace-sampling-16g	raw/20260303_132737-sol-ext4-derived-trace-sampling-16g/runs/pass1/docker/streaming/v1/profile.json	raw/20260303_132737-sol-ext4-derived-trace-sampling-16g/runs/pass1/docker/streaming/v1/bench.log	raw/20260303_132737-sol-ext4-derived-trace-sampling-16g/runs/pass1/docker/streaming/v1/time.txt	raw/20260303_132737-sol-ext4-derived-trace-sampling-16g/runs/pass1/docker/streaming/v1/perf-summary.json	raw/20260303_132737-sol-ext4-derived-trace-sampling-16g/runs/pass1/docker/streaming/v1/perf-flamegraph.svg	raw/20260303_132737-sol-ext4-derived-trace-sampling-16g/runs/pass1/docker/streaming/v1/perf-report.txt	raw/20260303_132737-sol-ext4-derived-trace-sampling-16g/runs/pass1/docker/streaming/v1/perf.folded	raw/20260303_132737-sol-ext4-derived-trace-sampling-16g/runs/pass1/docker/streaming/v1/perf.data	raw/20260303_132737-sol-ext4-derived-trace-sampling-16g/runs/pass1/docker/streaming/v1/trace.tracy	raw/20260303_132737-sol-ext4-derived-trace-sampling-16g/runs/pass1/docker/streaming/v1/trace-capture.log
16g	20260303_132737	1	docker	bump PMA	v2	100	0	2.984077381	1.8758930120000001	18.758930120000002	53.30794419527375	0	6	0	1	1170.890625	1170.890625	86.51171875	16384.00390625	928	1076.6953125	94.1953125	47323	2	0:05.20	30124	0	/shared/nockchain-ext4-bench/artifacts/runs/20260303_132737-sol-ext4-derived-trace-sampling-16g/runs/pass1/docker/streaming/v2/profile.json	/shared/nockchain-ext4-bench/artifacts/runs/20260303_132737-sol-ext4-derived-trace-sampling-16g/runs/pass1/docker/streaming/v2/bench.log	/shared/nockchain-ext4-bench/artifacts/runs/20260303_132737-sol-ext4-derived-trace-sampling-16g/runs/pass1/docker/streaming/v2/time.txt	0	0	/shared/nockchain-ext4-bench/artifacts/runs/20260303_132737-sol-ext4-derived-trace-sampling-16g/runs/pass1/docker/streaming/v2/perf-summary.json	/shared/nockchain-ext4-bench/artifacts/runs/20260303_132737-sol-ext4-derived-trace-sampling-16g/runs/pass1/docker/streaming/v2/perf-flamegraph.svg	/shared/nockchain-ext4-bench/artifacts/runs/20260303_132737-sol-ext4-derived-trace-sampling-16g/runs/pass1/docker/streaming/v2/perf-report.txt	/shared/nockchain-ext4-bench/artifacts/runs/20260303_132737-sol-ext4-derived-trace-sampling-16g/runs/pass1/docker/streaming/v2/perf.folded	/shared/nockchain-ext4-bench/artifacts/runs/20260303_132737-sol-ext4-derived-trace-sampling-16g/runs/pass1/docker/streaming/v2/perf.data	/shared/nockchain-ext4-bench/artifacts/runs/20260303_132737-sol-ext4-derived-trace-sampling-16g/runs/pass1/docker/streaming/v2/trace.tracy	/shared/nockchain-ext4-bench/artifacts/runs/20260303_132737-sol-ext4-derived-trace-sampling-16g/runs/pass1/docker/streaming/v2/trace-capture.log	0	0	0	0	20260303_132737-sol-ext4-derived-trace-sampling-16g	raw/20260303_132737-sol-ext4-derived-trace-sampling-16g/runs/pass1/docker/streaming/v2/profile.json	raw/20260303_132737-sol-ext4-derived-trace-sampling-16g/runs/pass1/docker/streaming/v2/bench.log	raw/20260303_132737-sol-ext4-derived-trace-sampling-16g/runs/pass1/docker/streaming/v2/time.txt	raw/20260303_132737-sol-ext4-derived-trace-sampling-16g/runs/pass1/docker/streaming/v2/perf-summary.json	raw/20260303_132737-sol-ext4-derived-trace-sampling-16g/runs/pass1/docker/streaming/v2/perf-flamegraph.svg	raw/20260303_132737-sol-ext4-derived-trace-sampling-16g/runs/pass1/docker/streaming/v2/perf-report.txt	raw/20260303_132737-sol-ext4-derived-trace-sampling-16g/runs/pass1/docker/streaming/v2/perf.folded	raw/20260303_132737-sol-ext4-derived-trace-sampling-16g/runs/pass1/docker/streaming/v2/perf.data	raw/20260303_132737-sol-ext4-derived-trace-sampling-16g/runs/pass1/docker/streaming/v2/trace.tracy	raw/20260303_132737-sol-ext4-derived-trace-sampling-16g/runs/pass1/docker/streaming/v2/trace-capture.log
16g	20260303_132737	1	docker	btree	v0	100	0	2.885193091	10.065021713	100.65021713	9.935398338072119	0	22	0	0	1084.88671875	1084.88671875	0	0	928.04296875	1077.05078125	7.8359375	25164	0	0:13.23	30364	0	/shared/nockchain-ext4-bench/artifacts/runs/20260303_132737-sol-ext4-derived-trace-sampling-16g/runs/pass1/docker/btree/v0/profile.json	/shared/nockchain-ext4-bench/artifacts/runs/20260303_132737-sol-ext4-derived-trace-sampling-16g/runs/pass1/docker/btree/v0/bench.log	/shared/nockchain-ext4-bench/artifacts/runs/20260303_132737-sol-ext4-derived-trace-sampling-16g/runs/pass1/docker/btree/v0/time.txt	0	0	/shared/nockchain-ext4-bench/artifacts/runs/20260303_132737-sol-ext4-derived-trace-sampling-16g/runs/pass1/docker/btree/v0/perf-summary.json	/shared/nockchain-ext4-bench/artifacts/runs/20260303_132737-sol-ext4-derived-trace-sampling-16g/runs/pass1/docker/btree/v0/perf-flamegraph.svg	/shared/nockchain-ext4-bench/artifacts/runs/20260303_132737-sol-ext4-derived-trace-sampling-16g/runs/pass1/docker/btree/v0/perf-report.txt	/shared/nockchain-ext4-bench/artifacts/runs/20260303_132737-sol-ext4-derived-trace-sampling-16g/runs/pass1/docker/btree/v0/perf.folded	/shared/nockchain-ext4-bench/artifacts/runs/20260303_132737-sol-ext4-derived-trace-sampling-16g/runs/pass1/docker/btree/v0/perf.data	/shared/nockchain-ext4-bench/artifacts/runs/20260303_132737-sol-ext4-derived-trace-sampling-16g/runs/pass1/docker/btree/v0/trace.tracy	/shared/nockchain-ext4-bench/artifacts/runs/20260303_132737-sol-ext4-derived-trace-sampling-16g/runs/pass1/docker/btree/v0/trace-capture.log	0	0	0	0	20260303_132737-sol-ext4-derived-trace-sampling-16g	raw/20260303_132737-sol-ext4-derived-trace-sampling-16g/runs/pass1/docker/btree/v0/profile.json	raw/20260303_132737-sol-ext4-derived-trace-sampling-16g/runs/pass1/docker/btree/v0/bench.log	raw/20260303_132737-sol-ext4-derived-trace-sampling-16g/runs/pass1/docker/btree/v0/time.txt	raw/20260303_132737-sol-ext4-derived-trace-sampling-16g/runs/pass1/docker/btree/v0/perf-summary.json	raw/20260303_132737-sol-ext4-derived-trace-sampling-16g/runs/pass1/docker/btree/v0/perf-flamegraph.svg	raw/20260303_132737-sol-ext4-derived-trace-sampling-16g/runs/pass1/docker/btree/v0/perf-report.txt	raw/20260303_132737-sol-ext4-derived-trace-sampling-16g/runs/pass1/docker/btree/v0/perf.folded	raw/20260303_132737-sol-ext4-derived-trace-sampling-16g/runs/pass1/docker/btree/v0/perf.data	raw/20260303_132737-sol-ext4-derived-trace-sampling-16g/runs/pass1/docker/btree/v0/trace.tracy	raw/20260303_132737-sol-ext4-derived-trace-sampling-16g/runs/pass1/docker/btree/v0/trace-capture.log
16g	20260303_132737	1	docker	btree	v1	100	0	2.947839183	10.388588336	103.88588336	9.625946930004524	0	22	0	0	1083.7578125	1083.7578125	0	0	928.04296875	1075.94921875	7.80859375	25692	0	0:13.65	30620	0	/shared/nockchain-ext4-bench/artifacts/runs/20260303_132737-sol-ext4-derived-trace-sampling-16g/runs/pass1/docker/btree/v1/profile.json	/shared/nockchain-ext4-bench/artifacts/runs/20260303_132737-sol-ext4-derived-trace-sampling-16g/runs/pass1/docker/btree/v1/bench.log	/shared/nockchain-ext4-bench/artifacts/runs/20260303_132737-sol-ext4-derived-trace-sampling-16g/runs/pass1/docker/btree/v1/time.txt	0	0	/shared/nockchain-ext4-bench/artifacts/runs/20260303_132737-sol-ext4-derived-trace-sampling-16g/runs/pass1/docker/btree/v1/perf-summary.json	/shared/nockchain-ext4-bench/artifacts/runs/20260303_132737-sol-ext4-derived-trace-sampling-16g/runs/pass1/docker/btree/v1/perf-flamegraph.svg	/shared/nockchain-ext4-bench/artifacts/runs/20260303_132737-sol-ext4-derived-trace-sampling-16g/runs/pass1/docker/btree/v1/perf-report.txt	/shared/nockchain-ext4-bench/artifacts/runs/20260303_132737-sol-ext4-derived-trace-sampling-16g/runs/pass1/docker/btree/v1/perf.folded	/shared/nockchain-ext4-bench/artifacts/runs/20260303_132737-sol-ext4-derived-trace-sampling-16g/runs/pass1/docker/btree/v1/perf.data	/shared/nockchain-ext4-bench/artifacts/runs/20260303_132737-sol-ext4-derived-trace-sampling-16g/runs/pass1/docker/btree/v1/trace.tracy	/shared/nockchain-ext4-bench/artifacts/runs/20260303_132737-sol-ext4-derived-trace-sampling-16g/runs/pass1/docker/btree/v1/trace-capture.log	0	0	0	0	20260303_132737-sol-ext4-derived-trace-sampling-16g	raw/20260303_132737-sol-ext4-derived-trace-sampling-16g/runs/pass1/docker/btree/v1/profile.json	raw/20260303_132737-sol-ext4-derived-trace-sampling-16g/runs/pass1/docker/btree/v1/bench.log	raw/20260303_132737-sol-ext4-derived-trace-sampling-16g/runs/pass1/docker/btree/v1/time.txt	raw/20260303_132737-sol-ext4-derived-trace-sampling-16g/runs/pass1/docker/btree/v1/perf-summary.json	raw/20260303_132737-sol-ext4-derived-trace-sampling-16g/runs/pass1/docker/btree/v1/perf-flamegraph.svg	raw/20260303_132737-sol-ext4-derived-trace-sampling-16g/runs/pass1/docker/btree/v1/perf-report.txt	raw/20260303_132737-sol-ext4-derived-trace-sampling-16g/runs/pass1/docker/btree/v1/perf.folded	raw/20260303_132737-sol-ext4-derived-trace-sampling-16g/runs/pass1/docker/btree/v1/perf.data	raw/20260303_132737-sol-ext4-derived-trace-sampling-16g/runs/pass1/docker/btree/v1/trace.tracy	raw/20260303_132737-sol-ext4-derived-trace-sampling-16g/runs/pass1/docker/btree/v1/trace-capture.log
16g	20260303_132737	1	docker	btree	v2	100	0	2.9201679560000002	10.350517882	103.50517882	9.661352324592796	0	22	0	0	1083.61328125	1083.61328125	0	0	928.04296875	1075.890625	7.72265625	24666	0	0:13.54	30460	0	/shared/nockchain-ext4-bench/artifacts/runs/20260303_132737-sol-ext4-derived-trace-sampling-16g/runs/pass1/docker/btree/v2/profile.json	/shared/nockchain-ext4-bench/artifacts/runs/20260303_132737-sol-ext4-derived-trace-sampling-16g/runs/pass1/docker/btree/v2/bench.log	/shared/nockchain-ext4-bench/artifacts/runs/20260303_132737-sol-ext4-derived-trace-sampling-16g/runs/pass1/docker/btree/v2/time.txt	0	0	/shared/nockchain-ext4-bench/artifacts/runs/20260303_132737-sol-ext4-derived-trace-sampling-16g/runs/pass1/docker/btree/v2/perf-summary.json	/shared/nockchain-ext4-bench/artifacts/runs/20260303_132737-sol-ext4-derived-trace-sampling-16g/runs/pass1/docker/btree/v2/perf-flamegraph.svg	/shared/nockchain-ext4-bench/artifacts/runs/20260303_132737-sol-ext4-derived-trace-sampling-16g/runs/pass1/docker/btree/v2/perf-report.txt	/shared/nockchain-ext4-bench/artifacts/runs/20260303_132737-sol-ext4-derived-trace-sampling-16g/runs/pass1/docker/btree/v2/perf.folded	/shared/nockchain-ext4-bench/artifacts/runs/20260303_132737-sol-ext4-derived-trace-sampling-16g/runs/pass1/docker/btree/v2/perf.data	/shared/nockchain-ext4-bench/artifacts/runs/20260303_132737-sol-ext4-derived-trace-sampling-16g/runs/pass1/docker/btree/v2/trace.tracy	/shared/nockchain-ext4-bench/artifacts/runs/20260303_132737-sol-ext4-derived-trace-sampling-16g/runs/pass1/docker/btree/v2/trace-capture.log	0	0	0	0	20260303_132737-sol-ext4-derived-trace-sampling-16g	raw/20260303_132737-sol-ext4-derived-trace-sampling-16g/runs/pass1/docker/btree/v2/profile.json	raw/20260303_132737-sol-ext4-derived-trace-sampling-16g/runs/pass1/docker/btree/v2/bench.log	raw/20260303_132737-sol-ext4-derived-trace-sampling-16g/runs/pass1/docker/btree/v2/time.txt	raw/20260303_132737-sol-ext4-derived-trace-sampling-16g/runs/pass1/docker/btree/v2/perf-summary.json	raw/20260303_132737-sol-ext4-derived-trace-sampling-16g/runs/pass1/docker/btree/v2/perf-flamegraph.svg	raw/20260303_132737-sol-ext4-derived-trace-sampling-16g/runs/pass1/docker/btree/v2/perf-report.txt	raw/20260303_132737-sol-ext4-derived-trace-sampling-16g/runs/pass1/docker/btree/v2/perf.folded	raw/20260303_132737-sol-ext4-derived-trace-sampling-16g/runs/pass1/docker/btree/v2/perf.data	raw/20260303_132737-sol-ext4-derived-trace-sampling-16g/runs/pass1/docker/btree/v2/trace.tracy	raw/20260303_132737-sol-ext4-derived-trace-sampling-16g/runs/pass1/docker/btree/v2/trace-capture.log
32g	20260303_132857	1	docker	master	v0	100	0	2.428436211	4.438278377	44.382783769999996	22.531259084202325	0	11	0	0	1063.7890625	1063.7890625	0	0	928.04296875	1056.56640625	7.22265625	21573	0	0:07.13	30308	0	/shared/nockchain-ext4-bench/artifacts/runs/20260303_132857-sol-ext4-derived-trace-sampling-32g/runs/pass1/docker/master/v0/profile.json	/shared/nockchain-ext4-bench/artifacts/runs/20260303_132857-sol-ext4-derived-trace-sampling-32g/runs/pass1/docker/master/v0/bench.log	/shared/nockchain-ext4-bench/artifacts/runs/20260303_132857-sol-ext4-derived-trace-sampling-32g/runs/pass1/docker/master/v0/time.txt	0	0	/shared/nockchain-ext4-bench/artifacts/runs/20260303_132857-sol-ext4-derived-trace-sampling-32g/runs/pass1/docker/master/v0/perf-summary.json	/shared/nockchain-ext4-bench/artifacts/runs/20260303_132857-sol-ext4-derived-trace-sampling-32g/runs/pass1/docker/master/v0/perf-flamegraph.svg	/shared/nockchain-ext4-bench/artifacts/runs/20260303_132857-sol-ext4-derived-trace-sampling-32g/runs/pass1/docker/master/v0/perf-report.txt	/shared/nockchain-ext4-bench/artifacts/runs/20260303_132857-sol-ext4-derived-trace-sampling-32g/runs/pass1/docker/master/v0/perf.folded	/shared/nockchain-ext4-bench/artifacts/runs/20260303_132857-sol-ext4-derived-trace-sampling-32g/runs/pass1/docker/master/v0/perf.data	/shared/nockchain-ext4-bench/artifacts/runs/20260303_132857-sol-ext4-derived-trace-sampling-32g/runs/pass1/docker/master/v0/trace.tracy	/shared/nockchain-ext4-bench/artifacts/runs/20260303_132857-sol-ext4-derived-trace-sampling-32g/runs/pass1/docker/master/v0/trace-capture.log	0	0	0	0	20260303_132857-sol-ext4-derived-trace-sampling-32g	raw/20260303_132857-sol-ext4-derived-trace-sampling-32g/runs/pass1/docker/master/v0/profile.json	raw/20260303_132857-sol-ext4-derived-trace-sampling-32g/runs/pass1/docker/master/v0/bench.log	raw/20260303_132857-sol-ext4-derived-trace-sampling-32g/runs/pass1/docker/master/v0/time.txt	raw/20260303_132857-sol-ext4-derived-trace-sampling-32g/runs/pass1/docker/master/v0/perf-summary.json	raw/20260303_132857-sol-ext4-derived-trace-sampling-32g/runs/pass1/docker/master/v0/perf-flamegraph.svg	raw/20260303_132857-sol-ext4-derived-trace-sampling-32g/runs/pass1/docker/master/v0/perf-report.txt	raw/20260303_132857-sol-ext4-derived-trace-sampling-32g/runs/pass1/docker/master/v0/perf.folded	raw/20260303_132857-sol-ext4-derived-trace-sampling-32g/runs/pass1/docker/master/v0/perf.data	raw/20260303_132857-sol-ext4-derived-trace-sampling-32g/runs/pass1/docker/master/v0/trace.tracy	raw/20260303_132857-sol-ext4-derived-trace-sampling-32g/runs/pass1/docker/master/v0/trace-capture.log
32g	20260303_132857	1	docker	master	v1	100	0	2.399089335	4.696491902	46.96491902	21.292488539672565	0	12	0	0	1063.85546875	1063.85546875	0	0	928.04296875	1056.6328125	7.22265625	22076	0	0:07.37	30220	0	/shared/nockchain-ext4-bench/artifacts/runs/20260303_132857-sol-ext4-derived-trace-sampling-32g/runs/pass1/docker/master/v1/profile.json	/shared/nockchain-ext4-bench/artifacts/runs/20260303_132857-sol-ext4-derived-trace-sampling-32g/runs/pass1/docker/master/v1/bench.log	/shared/nockchain-ext4-bench/artifacts/runs/20260303_132857-sol-ext4-derived-trace-sampling-32g/runs/pass1/docker/master/v1/time.txt	0	0	/shared/nockchain-ext4-bench/artifacts/runs/20260303_132857-sol-ext4-derived-trace-sampling-32g/runs/pass1/docker/master/v1/perf-summary.json	/shared/nockchain-ext4-bench/artifacts/runs/20260303_132857-sol-ext4-derived-trace-sampling-32g/runs/pass1/docker/master/v1/perf-flamegraph.svg	/shared/nockchain-ext4-bench/artifacts/runs/20260303_132857-sol-ext4-derived-trace-sampling-32g/runs/pass1/docker/master/v1/perf-report.txt	/shared/nockchain-ext4-bench/artifacts/runs/20260303_132857-sol-ext4-derived-trace-sampling-32g/runs/pass1/docker/master/v1/perf.folded	/shared/nockchain-ext4-bench/artifacts/runs/20260303_132857-sol-ext4-derived-trace-sampling-32g/runs/pass1/docker/master/v1/perf.data	/shared/nockchain-ext4-bench/artifacts/runs/20260303_132857-sol-ext4-derived-trace-sampling-32g/runs/pass1/docker/master/v1/trace.tracy	/shared/nockchain-ext4-bench/artifacts/runs/20260303_132857-sol-ext4-derived-trace-sampling-32g/runs/pass1/docker/master/v1/trace-capture.log	0	0	0	0	20260303_132857-sol-ext4-derived-trace-sampling-32g	raw/20260303_132857-sol-ext4-derived-trace-sampling-32g/runs/pass1/docker/master/v1/profile.json	raw/20260303_132857-sol-ext4-derived-trace-sampling-32g/runs/pass1/docker/master/v1/bench.log	raw/20260303_132857-sol-ext4-derived-trace-sampling-32g/runs/pass1/docker/master/v1/time.txt	raw/20260303_132857-sol-ext4-derived-trace-sampling-32g/runs/pass1/docker/master/v1/perf-summary.json	raw/20260303_132857-sol-ext4-derived-trace-sampling-32g/runs/pass1/docker/master/v1/perf-flamegraph.svg	raw/20260303_132857-sol-ext4-derived-trace-sampling-32g/runs/pass1/docker/master/v1/perf-report.txt	raw/20260303_132857-sol-ext4-derived-trace-sampling-32g/runs/pass1/docker/master/v1/perf.folded	raw/20260303_132857-sol-ext4-derived-trace-sampling-32g/runs/pass1/docker/master/v1/perf.data	raw/20260303_132857-sol-ext4-derived-trace-sampling-32g/runs/pass1/docker/master/v1/trace.tracy	raw/20260303_132857-sol-ext4-derived-trace-sampling-32g/runs/pass1/docker/master/v1/trace-capture.log
32g	20260303_132857	1	docker	master	v2	100	0	2.424098647	4.449602223	44.49602223	22.473919013052416	0	11	0	0	1063.7578125	1063.7578125	0	0	928	1056.5859375	7.171875	21585	0	0:07.15	30420	0	/shared/nockchain-ext4-bench/artifacts/runs/20260303_132857-sol-ext4-derived-trace-sampling-32g/runs/pass1/docker/master/v2/profile.json	/shared/nockchain-ext4-bench/artifacts/runs/20260303_132857-sol-ext4-derived-trace-sampling-32g/runs/pass1/docker/master/v2/bench.log	/shared/nockchain-ext4-bench/artifacts/runs/20260303_132857-sol-ext4-derived-trace-sampling-32g/runs/pass1/docker/master/v2/time.txt	0	0	/shared/nockchain-ext4-bench/artifacts/runs/20260303_132857-sol-ext4-derived-trace-sampling-32g/runs/pass1/docker/master/v2/perf-summary.json	/shared/nockchain-ext4-bench/artifacts/runs/20260303_132857-sol-ext4-derived-trace-sampling-32g/runs/pass1/docker/master/v2/perf-flamegraph.svg	/shared/nockchain-ext4-bench/artifacts/runs/20260303_132857-sol-ext4-derived-trace-sampling-32g/runs/pass1/docker/master/v2/perf-report.txt	/shared/nockchain-ext4-bench/artifacts/runs/20260303_132857-sol-ext4-derived-trace-sampling-32g/runs/pass1/docker/master/v2/perf.folded	/shared/nockchain-ext4-bench/artifacts/runs/20260303_132857-sol-ext4-derived-trace-sampling-32g/runs/pass1/docker/master/v2/perf.data	/shared/nockchain-ext4-bench/artifacts/runs/20260303_132857-sol-ext4-derived-trace-sampling-32g/runs/pass1/docker/master/v2/trace.tracy	/shared/nockchain-ext4-bench/artifacts/runs/20260303_132857-sol-ext4-derived-trace-sampling-32g/runs/pass1/docker/master/v2/trace-capture.log	0	0	0	0	20260303_132857-sol-ext4-derived-trace-sampling-32g	raw/20260303_132857-sol-ext4-derived-trace-sampling-32g/runs/pass1/docker/master/v2/profile.json	raw/20260303_132857-sol-ext4-derived-trace-sampling-32g/runs/pass1/docker/master/v2/bench.log	raw/20260303_132857-sol-ext4-derived-trace-sampling-32g/runs/pass1/docker/master/v2/time.txt	raw/20260303_132857-sol-ext4-derived-trace-sampling-32g/runs/pass1/docker/master/v2/perf-summary.json	raw/20260303_132857-sol-ext4-derived-trace-sampling-32g/runs/pass1/docker/master/v2/perf-flamegraph.svg	raw/20260303_132857-sol-ext4-derived-trace-sampling-32g/runs/pass1/docker/master/v2/perf-report.txt	raw/20260303_132857-sol-ext4-derived-trace-sampling-32g/runs/pass1/docker/master/v2/perf.folded	raw/20260303_132857-sol-ext4-derived-trace-sampling-32g/runs/pass1/docker/master/v2/perf.data	raw/20260303_132857-sol-ext4-derived-trace-sampling-32g/runs/pass1/docker/master/v2/trace.tracy	raw/20260303_132857-sol-ext4-derived-trace-sampling-32g/runs/pass1/docker/master/v2/trace-capture.log
32g	20260303_132857	1	docker	bump PMA	v0	100	0	3.008667195	1.883162747	18.83162747	53.10215495676434	0	6	0	1	1169.92578125	1169.92578125	86.51171875	16384.00390625	928	1075.875	94.05078125	47308	2	0:05.25	29872	0	/shared/nockchain-ext4-bench/artifacts/runs/20260303_132857-sol-ext4-derived-trace-sampling-32g/runs/pass1/docker/streaming/v0/profile.json	/shared/nockchain-ext4-bench/artifacts/runs/20260303_132857-sol-ext4-derived-trace-sampling-32g/runs/pass1/docker/streaming/v0/bench.log	/shared/nockchain-ext4-bench/artifacts/runs/20260303_132857-sol-ext4-derived-trace-sampling-32g/runs/pass1/docker/streaming/v0/time.txt	0	0	/shared/nockchain-ext4-bench/artifacts/runs/20260303_132857-sol-ext4-derived-trace-sampling-32g/runs/pass1/docker/streaming/v0/perf-summary.json	/shared/nockchain-ext4-bench/artifacts/runs/20260303_132857-sol-ext4-derived-trace-sampling-32g/runs/pass1/docker/streaming/v0/perf-flamegraph.svg	/shared/nockchain-ext4-bench/artifacts/runs/20260303_132857-sol-ext4-derived-trace-sampling-32g/runs/pass1/docker/streaming/v0/perf-report.txt	/shared/nockchain-ext4-bench/artifacts/runs/20260303_132857-sol-ext4-derived-trace-sampling-32g/runs/pass1/docker/streaming/v0/perf.folded	/shared/nockchain-ext4-bench/artifacts/runs/20260303_132857-sol-ext4-derived-trace-sampling-32g/runs/pass1/docker/streaming/v0/perf.data	/shared/nockchain-ext4-bench/artifacts/runs/20260303_132857-sol-ext4-derived-trace-sampling-32g/runs/pass1/docker/streaming/v0/trace.tracy	/shared/nockchain-ext4-bench/artifacts/runs/20260303_132857-sol-ext4-derived-trace-sampling-32g/runs/pass1/docker/streaming/v0/trace-capture.log	0	0	0	0	20260303_132857-sol-ext4-derived-trace-sampling-32g	raw/20260303_132857-sol-ext4-derived-trace-sampling-32g/runs/pass1/docker/streaming/v0/profile.json	raw/20260303_132857-sol-ext4-derived-trace-sampling-32g/runs/pass1/docker/streaming/v0/bench.log	raw/20260303_132857-sol-ext4-derived-trace-sampling-32g/runs/pass1/docker/streaming/v0/time.txt	raw/20260303_132857-sol-ext4-derived-trace-sampling-32g/runs/pass1/docker/streaming/v0/perf-summary.json	raw/20260303_132857-sol-ext4-derived-trace-sampling-32g/runs/pass1/docker/streaming/v0/perf-flamegraph.svg	raw/20260303_132857-sol-ext4-derived-trace-sampling-32g/runs/pass1/docker/streaming/v0/perf-report.txt	raw/20260303_132857-sol-ext4-derived-trace-sampling-32g/runs/pass1/docker/streaming/v0/perf.folded	raw/20260303_132857-sol-ext4-derived-trace-sampling-32g/runs/pass1/docker/streaming/v0/perf.data	raw/20260303_132857-sol-ext4-derived-trace-sampling-32g/runs/pass1/docker/streaming/v0/trace.tracy	raw/20260303_132857-sol-ext4-derived-trace-sampling-32g/runs/pass1/docker/streaming/v0/trace-capture.log
32g	20260303_132857	1	docker	bump PMA	v1	100	0	3.014238298	1.86153379	18.6153379	53.71914307287433	0	6	0	1	1169.859375	1169.859375	86.51171875	16384.00390625	928	1075.94921875	93.91015625	47835	2	0:05.22	30504	0	/shared/nockchain-ext4-bench/artifacts/runs/20260303_132857-sol-ext4-derived-trace-sampling-32g/runs/pass1/docker/streaming/v1/profile.json	/shared/nockchain-ext4-bench/artifacts/runs/20260303_132857-sol-ext4-derived-trace-sampling-32g/runs/pass1/docker/streaming/v1/bench.log	/shared/nockchain-ext4-bench/artifacts/runs/20260303_132857-sol-ext4-derived-trace-sampling-32g/runs/pass1/docker/streaming/v1/time.txt	0	0	/shared/nockchain-ext4-bench/artifacts/runs/20260303_132857-sol-ext4-derived-trace-sampling-32g/runs/pass1/docker/streaming/v1/perf-summary.json	/shared/nockchain-ext4-bench/artifacts/runs/20260303_132857-sol-ext4-derived-trace-sampling-32g/runs/pass1/docker/streaming/v1/perf-flamegraph.svg	/shared/nockchain-ext4-bench/artifacts/runs/20260303_132857-sol-ext4-derived-trace-sampling-32g/runs/pass1/docker/streaming/v1/perf-report.txt	/shared/nockchain-ext4-bench/artifacts/runs/20260303_132857-sol-ext4-derived-trace-sampling-32g/runs/pass1/docker/streaming/v1/perf.folded	/shared/nockchain-ext4-bench/artifacts/runs/20260303_132857-sol-ext4-derived-trace-sampling-32g/runs/pass1/docker/streaming/v1/perf.data	/shared/nockchain-ext4-bench/artifacts/runs/20260303_132857-sol-ext4-derived-trace-sampling-32g/runs/pass1/docker/streaming/v1/trace.tracy	/shared/nockchain-ext4-bench/artifacts/runs/20260303_132857-sol-ext4-derived-trace-sampling-32g/runs/pass1/docker/streaming/v1/trace-capture.log	0	0	0	0	20260303_132857-sol-ext4-derived-trace-sampling-32g	raw/20260303_132857-sol-ext4-derived-trace-sampling-32g/runs/pass1/docker/streaming/v1/profile.json	raw/20260303_132857-sol-ext4-derived-trace-sampling-32g/runs/pass1/docker/streaming/v1/bench.log	raw/20260303_132857-sol-ext4-derived-trace-sampling-32g/runs/pass1/docker/streaming/v1/time.txt	raw/20260303_132857-sol-ext4-derived-trace-sampling-32g/runs/pass1/docker/streaming/v1/perf-summary.json	raw/20260303_132857-sol-ext4-derived-trace-sampling-32g/runs/pass1/docker/streaming/v1/perf-flamegraph.svg	raw/20260303_132857-sol-ext4-derived-trace-sampling-32g/runs/pass1/docker/streaming/v1/perf-report.txt	raw/20260303_132857-sol-ext4-derived-trace-sampling-32g/runs/pass1/docker/streaming/v1/perf.folded	raw/20260303_132857-sol-ext4-derived-trace-sampling-32g/runs/pass1/docker/streaming/v1/perf.data	raw/20260303_132857-sol-ext4-derived-trace-sampling-32g/runs/pass1/docker/streaming/v1/trace.tracy	raw/20260303_132857-sol-ext4-derived-trace-sampling-32g/runs/pass1/docker/streaming/v1/trace-capture.log
32g	20260303_132857	1	docker	bump PMA	v2	100	0	3.016647878	1.8740269939999998	18.740269939999997	53.361024318308196	0	6	0	1	1169.8046875	1169.8046875	86.51171875	16384.00390625	928	1075.90625	93.8984375	46297	2	0:05.23	30876	0	/shared/nockchain-ext4-bench/artifacts/runs/20260303_132857-sol-ext4-derived-trace-sampling-32g/runs/pass1/docker/streaming/v2/profile.json	/shared/nockchain-ext4-bench/artifacts/runs/20260303_132857-sol-ext4-derived-trace-sampling-32g/runs/pass1/docker/streaming/v2/bench.log	/shared/nockchain-ext4-bench/artifacts/runs/20260303_132857-sol-ext4-derived-trace-sampling-32g/runs/pass1/docker/streaming/v2/time.txt	0	0	/shared/nockchain-ext4-bench/artifacts/runs/20260303_132857-sol-ext4-derived-trace-sampling-32g/runs/pass1/docker/streaming/v2/perf-summary.json	/shared/nockchain-ext4-bench/artifacts/runs/20260303_132857-sol-ext4-derived-trace-sampling-32g/runs/pass1/docker/streaming/v2/perf-flamegraph.svg	/shared/nockchain-ext4-bench/artifacts/runs/20260303_132857-sol-ext4-derived-trace-sampling-32g/runs/pass1/docker/streaming/v2/perf-report.txt	/shared/nockchain-ext4-bench/artifacts/runs/20260303_132857-sol-ext4-derived-trace-sampling-32g/runs/pass1/docker/streaming/v2/perf.folded	/shared/nockchain-ext4-bench/artifacts/runs/20260303_132857-sol-ext4-derived-trace-sampling-32g/runs/pass1/docker/streaming/v2/perf.data	/shared/nockchain-ext4-bench/artifacts/runs/20260303_132857-sol-ext4-derived-trace-sampling-32g/runs/pass1/docker/streaming/v2/trace.tracy	/shared/nockchain-ext4-bench/artifacts/runs/20260303_132857-sol-ext4-derived-trace-sampling-32g/runs/pass1/docker/streaming/v2/trace-capture.log	0	0	0	0	20260303_132857-sol-ext4-derived-trace-sampling-32g	raw/20260303_132857-sol-ext4-derived-trace-sampling-32g/runs/pass1/docker/streaming/v2/profile.json	raw/20260303_132857-sol-ext4-derived-trace-sampling-32g/runs/pass1/docker/streaming/v2/bench.log	raw/20260303_132857-sol-ext4-derived-trace-sampling-32g/runs/pass1/docker/streaming/v2/time.txt	raw/20260303_132857-sol-ext4-derived-trace-sampling-32g/runs/pass1/docker/streaming/v2/perf-summary.json	raw/20260303_132857-sol-ext4-derived-trace-sampling-32g/runs/pass1/docker/streaming/v2/perf-flamegraph.svg	raw/20260303_132857-sol-ext4-derived-trace-sampling-32g/runs/pass1/docker/streaming/v2/perf-report.txt	raw/20260303_132857-sol-ext4-derived-trace-sampling-32g/runs/pass1/docker/streaming/v2/perf.folded	raw/20260303_132857-sol-ext4-derived-trace-sampling-32g/runs/pass1/docker/streaming/v2/perf.data	raw/20260303_132857-sol-ext4-derived-trace-sampling-32g/runs/pass1/docker/streaming/v2/trace.tracy	raw/20260303_132857-sol-ext4-derived-trace-sampling-32g/runs/pass1/docker/streaming/v2/trace-capture.log
32g	20260303_132857	1	docker	btree	v0	100	0	2.951091977	10.230830908	102.30830907999999	9.774377164400693	0	22	0	0	1083.5	1083.5	0	0	928.04296875	1075.890625	7.609375	24652	0	0:13.45	31076	0	/shared/nockchain-ext4-bench/artifacts/runs/20260303_132857-sol-ext4-derived-trace-sampling-32g/runs/pass1/docker/btree/v0/profile.json	/shared/nockchain-ext4-bench/artifacts/runs/20260303_132857-sol-ext4-derived-trace-sampling-32g/runs/pass1/docker/btree/v0/bench.log	/shared/nockchain-ext4-bench/artifacts/runs/20260303_132857-sol-ext4-derived-trace-sampling-32g/runs/pass1/docker/btree/v0/time.txt	0	0	/shared/nockchain-ext4-bench/artifacts/runs/20260303_132857-sol-ext4-derived-trace-sampling-32g/runs/pass1/docker/btree/v0/perf-summary.json	/shared/nockchain-ext4-bench/artifacts/runs/20260303_132857-sol-ext4-derived-trace-sampling-32g/runs/pass1/docker/btree/v0/perf-flamegraph.svg	/shared/nockchain-ext4-bench/artifacts/runs/20260303_132857-sol-ext4-derived-trace-sampling-32g/runs/pass1/docker/btree/v0/perf-report.txt	/shared/nockchain-ext4-bench/artifacts/runs/20260303_132857-sol-ext4-derived-trace-sampling-32g/runs/pass1/docker/btree/v0/perf.folded	/shared/nockchain-ext4-bench/artifacts/runs/20260303_132857-sol-ext4-derived-trace-sampling-32g/runs/pass1/docker/btree/v0/perf.data	/shared/nockchain-ext4-bench/artifacts/runs/20260303_132857-sol-ext4-derived-trace-sampling-32g/runs/pass1/docker/btree/v0/trace.tracy	/shared/nockchain-ext4-bench/artifacts/runs/20260303_132857-sol-ext4-derived-trace-sampling-32g/runs/pass1/docker/btree/v0/trace-capture.log	0	0	0	0	20260303_132857-sol-ext4-derived-trace-sampling-32g	raw/20260303_132857-sol-ext4-derived-trace-sampling-32g/runs/pass1/docker/btree/v0/profile.json	raw/20260303_132857-sol-ext4-derived-trace-sampling-32g/runs/pass1/docker/btree/v0/bench.log	raw/20260303_132857-sol-ext4-derived-trace-sampling-32g/runs/pass1/docker/btree/v0/time.txt	raw/20260303_132857-sol-ext4-derived-trace-sampling-32g/runs/pass1/docker/btree/v0/perf-summary.json	raw/20260303_132857-sol-ext4-derived-trace-sampling-32g/runs/pass1/docker/btree/v0/perf-flamegraph.svg	raw/20260303_132857-sol-ext4-derived-trace-sampling-32g/runs/pass1/docker/btree/v0/perf-report.txt	raw/20260303_132857-sol-ext4-derived-trace-sampling-32g/runs/pass1/docker/btree/v0/perf.folded	raw/20260303_132857-sol-ext4-derived-trace-sampling-32g/runs/pass1/docker/btree/v0/perf.data	raw/20260303_132857-sol-ext4-derived-trace-sampling-32g/runs/pass1/docker/btree/v0/trace.tracy	raw/20260303_132857-sol-ext4-derived-trace-sampling-32g/runs/pass1/docker/btree/v0/trace-capture.log
32g	20260303_132857	1	docker	btree	v1	100	0	2.916634745	10.283180993	102.83180993	9.724617321048061	0	22	0	0	1083.7109375	1083.7109375	0	0	928.04296875	1075.953125	7.7578125	25178	0	0:13.47	30176	0	/shared/nockchain-ext4-bench/artifacts/runs/20260303_132857-sol-ext4-derived-trace-sampling-32g/runs/pass1/docker/btree/v1/profile.json	/shared/nockchain-ext4-bench/artifacts/runs/20260303_132857-sol-ext4-derived-trace-sampling-32g/runs/pass1/docker/btree/v1/bench.log	/shared/nockchain-ext4-bench/artifacts/runs/20260303_132857-sol-ext4-derived-trace-sampling-32g/runs/pass1/docker/btree/v1/time.txt	0	0	/shared/nockchain-ext4-bench/artifacts/runs/20260303_132857-sol-ext4-derived-trace-sampling-32g/runs/pass1/docker/btree/v1/perf-summary.json	/shared/nockchain-ext4-bench/artifacts/runs/20260303_132857-sol-ext4-derived-trace-sampling-32g/runs/pass1/docker/btree/v1/perf-flamegraph.svg	/shared/nockchain-ext4-bench/artifacts/runs/20260303_132857-sol-ext4-derived-trace-sampling-32g/runs/pass1/docker/btree/v1/perf-report.txt	/shared/nockchain-ext4-bench/artifacts/runs/20260303_132857-sol-ext4-derived-trace-sampling-32g/runs/pass1/docker/btree/v1/perf.folded	/shared/nockchain-ext4-bench/artifacts/runs/20260303_132857-sol-ext4-derived-trace-sampling-32g/runs/pass1/docker/btree/v1/perf.data	/shared/nockchain-ext4-bench/artifacts/runs/20260303_132857-sol-ext4-derived-trace-sampling-32g/runs/pass1/docker/btree/v1/trace.tracy	/shared/nockchain-ext4-bench/artifacts/runs/20260303_132857-sol-ext4-derived-trace-sampling-32g/runs/pass1/docker/btree/v1/trace-capture.log	0	0	0	0	20260303_132857-sol-ext4-derived-trace-sampling-32g	raw/20260303_132857-sol-ext4-derived-trace-sampling-32g/runs/pass1/docker/btree/v1/profile.json	raw/20260303_132857-sol-ext4-derived-trace-sampling-32g/runs/pass1/docker/btree/v1/bench.log	raw/20260303_132857-sol-ext4-derived-trace-sampling-32g/runs/pass1/docker/btree/v1/time.txt	raw/20260303_132857-sol-ext4-derived-trace-sampling-32g/runs/pass1/docker/btree/v1/perf-summary.json	raw/20260303_132857-sol-ext4-derived-trace-sampling-32g/runs/pass1/docker/btree/v1/perf-flamegraph.svg	raw/20260303_132857-sol-ext4-derived-trace-sampling-32g/runs/pass1/docker/btree/v1/perf-report.txt	raw/20260303_132857-sol-ext4-derived-trace-sampling-32g/runs/pass1/docker/btree/v1/perf.folded	raw/20260303_132857-sol-ext4-derived-trace-sampling-32g/runs/pass1/docker/btree/v1/perf.data	raw/20260303_132857-sol-ext4-derived-trace-sampling-32g/runs/pass1/docker/btree/v1/trace.tracy	raw/20260303_132857-sol-ext4-derived-trace-sampling-32g/runs/pass1/docker/btree/v1/trace-capture.log
32g	20260303_132857	1	docker	btree	v2	100	0	2.899697777	10.16797929	101.6797929	9.83479579844817	0	22	0	0	1084.890625	1084.890625	0	0	928.04296875	1077.046875	7.84375	25179	0	0:13.35	30364	0	/shared/nockchain-ext4-bench/artifacts/runs/20260303_132857-sol-ext4-derived-trace-sampling-32g/runs/pass1/docker/btree/v2/profile.json	/shared/nockchain-ext4-bench/artifacts/runs/20260303_132857-sol-ext4-derived-trace-sampling-32g/runs/pass1/docker/btree/v2/bench.log	/shared/nockchain-ext4-bench/artifacts/runs/20260303_132857-sol-ext4-derived-trace-sampling-32g/runs/pass1/docker/btree/v2/time.txt	0	0	/shared/nockchain-ext4-bench/artifacts/runs/20260303_132857-sol-ext4-derived-trace-sampling-32g/runs/pass1/docker/btree/v2/perf-summary.json	/shared/nockchain-ext4-bench/artifacts/runs/20260303_132857-sol-ext4-derived-trace-sampling-32g/runs/pass1/docker/btree/v2/perf-flamegraph.svg	/shared/nockchain-ext4-bench/artifacts/runs/20260303_132857-sol-ext4-derived-trace-sampling-32g/runs/pass1/docker/btree/v2/perf-report.txt	/shared/nockchain-ext4-bench/artifacts/runs/20260303_132857-sol-ext4-derived-trace-sampling-32g/runs/pass1/docker/btree/v2/perf.folded	/shared/nockchain-ext4-bench/artifacts/runs/20260303_132857-sol-ext4-derived-trace-sampling-32g/runs/pass1/docker/btree/v2/perf.data	/shared/nockchain-ext4-bench/artifacts/runs/20260303_132857-sol-ext4-derived-trace-sampling-32g/runs/pass1/docker/btree/v2/trace.tracy	/shared/nockchain-ext4-bench/artifacts/runs/20260303_132857-sol-ext4-derived-trace-sampling-32g/runs/pass1/docker/btree/v2/trace-capture.log	0	0	0	0	20260303_132857-sol-ext4-derived-trace-sampling-32g	raw/20260303_132857-sol-ext4-derived-trace-sampling-32g/runs/pass1/docker/btree/v2/profile.json	raw/20260303_132857-sol-ext4-derived-trace-sampling-32g/runs/pass1/docker/btree/v2/bench.log	raw/20260303_132857-sol-ext4-derived-trace-sampling-32g/runs/pass1/docker/btree/v2/time.txt	raw/20260303_132857-sol-ext4-derived-trace-sampling-32g/runs/pass1/docker/btree/v2/perf-summary.json	raw/20260303_132857-sol-ext4-derived-trace-sampling-32g/runs/pass1/docker/btree/v2/perf-flamegraph.svg	raw/20260303_132857-sol-ext4-derived-trace-sampling-32g/runs/pass1/docker/btree/v2/perf-report.txt	raw/20260303_132857-sol-ext4-derived-trace-sampling-32g/runs/pass1/docker/btree/v2/perf.folded	raw/20260303_132857-sol-ext4-derived-trace-sampling-32g/runs/pass1/docker/btree/v2/perf.data	raw/20260303_132857-sol-ext4-derived-trace-sampling-32g/runs/pass1/docker/btree/v2/trace.tracy	raw/20260303_132857-sol-ext4-derived-trace-sampling-32g/runs/pass1/docker/btree/v2/trace-capture.log
