dependency_id	execution_step_id	action	exact_target_files	master_reference	risk_note	rollback_point	verification_command	provenance_class	status	notes
DEP-001	R2-DEP-001	remove	crates/nockchain-bench/src/runner/docker.rs	none (remove-only; no pinned-master symbol for --pma-persist or NOCK_PMA_PERSIST at cd91acc3f2975ce2dc4f66ce73fb87a421e9b27c)	Removing PMA persist toggles can alter optional persistence behavior; ensure default container startup still works without PMA-specific flags.	R2-pre-remove (tag phase4-r2-pre-remove; rollback with git reset --hard phase4-r2-pre-remove)	! rg -n "NOCK_PMA_PERSIST|--pma-persist" crates/nockchain-bench/src/runner/docker.rs	Local	planned	remove-only disposition from Phase 2 findings C001,C002
DEP-002	R2-DEP-002	remove	crates/nockchain-bench/src/main.rs	none (remove-only; no pinned-master symbol for NOCK_PMA_CANDIDATE at cd91acc3f2975ce2dc4f66ce73fb87a421e9b27c)	Removing PMA candidate env can change sweep defaults; verify sweep baseline remains deterministic after env cleanup.	R2-pre-remove (tag phase4-r2-pre-remove; rollback with git reset --hard phase4-r2-pre-remove)	! rg -n "NOCK_PMA_CANDIDATE" crates/nockchain-bench/src/main.rs	Local	planned	remove-only disposition from Phase 2 finding C003
DEP-003	R2-DEP-003	remove	crates/nockchain-bench/src/main.rs	none (remove-only; no pinned-master symbol for NOCK_STREAMING_CHECKPOINT_CHUNK_SIZE at cd91acc3f2975ce2dc4f66ce73fb87a421e9b27c)	Removing checkpoint chunk env tuning may affect non-default throughput behavior; preserve baseline execution semantics in runner defaults.	R2-pre-remove (tag phase4-r2-pre-remove; rollback with git reset --hard phase4-r2-pre-remove)	! rg -n "NOCK_STREAMING_CHECKPOINT_CHUNK_SIZE" crates/nockchain-bench/src/main.rs	Local	planned	remove-only disposition from Phase 2 finding C004
DEP-004	R3-DEP-004	replace-with-master-equivalent	crates/nockchain-bench/src/speed_of_light/compat.rs,crates/nockchain-bench/src/speed_of_light/extractor.rs	cd91acc3f2975ce2dc4f66ce73fb87a421e9b27c:crates/nockapp-grpc/src/services/public_nockchain/v2/block_explorer.rs (NounDecode::from_noun,HoonMapIter::from)	Replacing NounSpace adapters requires semantic parity checks; partial replacement can break decode/iteration behavior in SOL extraction flow.	R3-pre-replace (tag phase4-r3-pre-replace; rollback with git reset --hard phase4-r3-pre-replace)	rg -n "NounDecode::from_noun|HoonMapIter::from" crates/nockchain-bench/src/speed_of_light && ! rg -n "NounSpace|noun_space\\(|HoonMapIter::new\\(" crates/nockchain-bench/src/speed_of_light	Mixed	planned	replacement disposition from Phase 2 findings C005,C006,C007,C008,C014,C015
DEP-005	R4-DEP-005	defer	crates/nockchain-bench/src/speed_of_light/extractor.rs	no confirmed master-equivalent for raw-transactions path; decision required at R4 gate	Unresolved raw-transactions semantics can invalidate mempool extraction correctness; closure must halt until one explicit path is approved.	R4-gate (tag phase4-r4-gate; rollback with git reset --hard phase4-r4-gate)	rg -n "^DEP-005\\tR4-DEP-005\\tdefer\\t" .planning/phases/04-master-graft-execution-plan/04-graft-dependency-matrix.tsv && rg -n "^## DEP-005 Decision Gate$|Outcome A|Outcome B|Outcome C" .planning/phases/04-master-graft-execution-plan/04-master-graft-execution-plan.md	Mixed	unresolved	defer gate retained from Phase 2 C009 until approver selects Outcome A/B/C
DEP-006	R2-DEP-006	remove	crates/nockchain-bench/src/runner/docker.rs	none (confidence-bound remove; runtime docs-only mention in pinned master and no runtime symbol evidence)	Removing --data-dir may break runtime path expectations; because confidence is medium, validate default data path still produces expected artifacts before proceeding.	R2-pre-remove (tag phase4-r2-pre-remove; rollback with git reset --hard phase4-r2-pre-remove)	! rg -n -- "--data-dir" crates/nockchain-bench/src/runner/docker.rs	Local	planned	confidence-bound remove from Phase 2 finding C011 with explicit runtime validation requirement
DEP-007	R3-DEP-007	replace-with-master-equivalent	crates/nockchain-bench/src/runner/docker.rs	cd91acc3f2975ce2dc4f66ce73fb87a421e9b27c:crates/nockapp/src/kernel/boot.rs (pub save_interval with #[arg(long)])	Save-interval replacement must preserve checkpoint cadence and flush timing; incorrect mapping can bias benchmark behavior.	R3-pre-replace (tag phase4-r3-pre-replace; rollback with git reset --hard phase4-r3-pre-replace)	rg -n -- "--save-interval" crates/nockchain-bench/src/runner/docker.rs && git show cd91acc3f2975ce2dc4f66ce73fb87a421e9b27c:crates/nockapp/src/kernel/boot.rs | rg -n "save_interval"	Inherited	planned	replacement disposition from Phase 2 finding C012
DEP-008	R3-DEP-008	replace-with-master-equivalent	crates/nockchain-bench/src/runner/docker.rs	cd91acc3f2975ce2dc4f66ce73fb87a421e9b27c:crates/nockapp/src/kernel/boot.rs (pub new with #[arg(long)])	--new replacement must preserve bootstrap initialization semantics; mis-wiring can start from wrong chain state.	R3-pre-replace (tag phase4-r3-pre-replace; rollback with git reset --hard phase4-r3-pre-replace)	rg -n -- "--new" crates/nockchain-bench/src/runner/docker.rs && git show cd91acc3f2975ce2dc4f66ce73fb87a421e9b27c:crates/nockapp/src/kernel/boot.rs | rg -n "pub new"	Inherited	planned	replacement disposition from Phase 2 finding C013
DEP-009	R2-DEP-009	remove	crates/nockchain-bench/src/sampler/smaps.rs,crates/nockchain-bench/src/sampler/buckets.rs	none (remove-only; no pinned-master symbols for is_pma_path or MemoryBucket::Pma at cd91acc3f2975ce2dc4f66ce73fb87a421e9b27c)	Removing PMA sampler heuristics reduces branch-specific observability signals; verify sampler output remains parseable without PMA buckets.	R2-pre-remove (tag phase4-r2-pre-remove; rollback with git reset --hard phase4-r2-pre-remove)	! rg -n "is_pma_path|MemoryBucket::Pma" crates/nockchain-bench/src/sampler	Local	planned	remove-only disposition from Phase 2 PMA-S001,PMA-S002
